C797150;2;7
C797150;3;26
C797150;4;95
C797150;5;17
C797150;6;42
C797150;7;2
C797150;1;27
C811349;2;100
C811349;3;48
C811349;4;63
C811349;5;64
C811349;6;67
C811349;7;60
C811349;1;27
C797459;2;4
C797459;3;9
C797459;4;8
C797459;5;0
C797459;6;5
C797459;7;21
C797459;1;60
T011816;2;69
T011816;3;22
T011816;4;47
T011816;5;51
T011816;6;5
T011816;7;3
T011816;1;94
C341681;2;51
C341681;3;97
C341681;4;89
C341681;5;98
C341681;6;36
C341681;7;45
C341681;1;26
C341736;2;65
C341736;3;20
C341736;4;90
C341736;5;99
C341736;6;61
C341736;7;62
C341736;1;75
C341738;2;7
C341738;3;65
C341738;4;22
C341738;5;97
C341738;6;11
C341738;7;52
C341738;1;30
C341759;2;64
C341759;3;77
C341759;4;75
C341759;5;16
C341759;6;31
C341759;7;36
C341759;1;87
C341767;2;83
C341767;3;58
C341767;4;17
C341767;5;47
C341767;6;61
C341767;7;79
C341767;1;85
C341931;2;1
C341931;3;85
C341931;4;15
C341931;5;38
C341931;6;25
C341931;7;77
C341931;1;100
C342035;2;27
C342035;3;12
C342035;4;37
C342035;5;93
C342035;6;13
C342035;7;79
C342035;1;93
C342040;2;15
C342040;3;74
C342040;4;29
C342040;5;4
C342040;6;23
C342040;7;58
C342040;1;53
C342041;2;64
C342041;3;20
C342041;4;19
C342041;5;25
C342041;6;14
C342041;7;49
C342041;1;39
C342042;2;39
C342042;3;68
C342042;4;4
C342042;5;93
C342042;6;82
C342042;7;96
C342042;1;57
C342045;2;62
C342045;3;94
C342045;4;36
C342045;5;17
C342045;6;14
C342045;7;30
C342045;1;38
C342048;2;89
C342048;3;10
C342048;4;94
C342048;5;97
C342048;6;85
C342048;7;79
C342048;1;91
C342057;2;87
C342057;3;61
C342057;4;68
C342057;5;94
C342057;6;100
C342057;7;31
C342057;1;36
C342062;2;21
C342062;3;42
C342062;4;22
C342062;5;3
C342062;6;54
C342062;7;51
C342062;1;21
C342171;2;12
C342171;3;16
C342171;4;51
C342171;5;37
C342171;6;52
C342171;7;91
C342171;1;60
C342316;2;77
C342316;3;5
C342316;4;25
C342316;5;38
C342316;6;55
C342316;7;10
C342316;1;42
C342444;2;9
C342444;3;86
C342444;4;48
C342444;5;43
C342444;6;60
C342444;7;23
C342444;1;81
C342537;2;19
C342537;3;96
C342537;4;52
C342537;5;8
C342537;6;54
C342537;7;82
C342537;1;85
C342543;2;33
C342543;3;8
C342543;4;22
C342543;5;27
C342543;6;12
C342543;7;74
C342543;1;13
C342545;2;33
C342545;3;3
C342545;4;47
C342545;5;35
C342545;6;53
C342545;7;74
C342545;1;69
C342547;2;44
C342547;3;2
C342547;4;11
C342547;5;44
C342547;6;79
C342547;7;45
C342547;1;85
C342589;2;75
C342589;3;21
C342589;4;31
C342589;5;18
C342589;6;52
C342589;7;65
C342589;1;53
C342595;2;68
C342595;3;29
C342595;4;94
C342595;5;75
C342595;6;15
C342595;7;29
C342595;1;68
C342598;2;19
C342598;3;53
C342598;4;26
C342598;5;48
C342598;6;51
C342598;7;52
C342598;1;40
C342600;2;98
C342600;3;100
C342600;4;39
C342600;5;56
C342600;6;36
C342600;7;18
C342600;1;45
C343114;2;86
C343114;3;67
C343114;4;25
C343114;5;97
C343114;6;42
C343114;7;96
C343114;1;56
C343126;2;16
C343126;3;16
C343126;4;74
C343126;5;62
C343126;6;59
C343126;7;64
C343126;1;95
C343151;2;20
C343151;3;59
C343151;4;100
C343151;5;46
C343151;6;69
C343151;7;88
C343151;1;65
C343334;2;42
C343334;3;84
C343334;4;79
C343334;5;50
C343334;6;73
C343334;7;64
C343334;1;60
C343509;2;68
C343509;3;71
C343509;4;23
C343509;5;46
C343509;6;19
C343509;7;20
C343509;1;65
C343564;2;87
C343564;3;6
C343564;4;99
C343564;5;98
C343564;6;57
C343564;7;44
C343564;1;41
C343581;2;68
C343581;3;55
C343581;4;88
C343581;5;3
C343581;6;14
C343581;7;69
C343581;1;6
C343617;2;25
C343617;3;72
C343617;4;69
C343617;5;10
C343617;6;54
C343617;7;86
C343617;1;95
C343619;2;4
C343619;3;73
C343619;4;93
C343619;5;78
C343619;6;98
C343619;7;47
C343619;1;62
C367168;2;72
C367168;3;8
C367168;4;99
C367168;5;92
C367168;6;76
C367168;7;66
C367168;1;95
C604380;2;96
C604380;3;65
C604380;4;17
C604380;5;17
C604380;6;79
C604380;7;37
C604380;1;23
C679763;2;74
C679763;3;54
C679763;4;25
C679763;5;67
C679763;6;61
C679763;7;34
C679763;1;40
C782744;2;23
C782744;3;73
C782744;4;62
C782744;5;17
C782744;6;15
C782744;7;26
C782744;1;6
C782982;2;82
C782982;3;59
C782982;4;56
C782982;5;67
C782982;6;30
C782982;7;85
C782982;1;95
C783725;2;43
C783725;3;37
C783725;4;78
C783725;5;71
C783725;6;6
C783725;7;22
C783725;1;65
C783729;2;83
C783729;3;4
C783729;4;91
C783729;5;8
C783729;6;19
C783729;7;6
C783729;1;60
C783731;2;32
C783731;3;3
C783731;4;51
C783731;5;36
C783731;6;48
C783731;7;17
C783731;1;65
C784494;2;32
C784494;3;12
C784494;4;82
C784494;5;82
C784494;6;87
C784494;7;3
C784494;1;27
C796415;2;80
C796415;3;81
C796415;4;76
C796415;5;10
C796415;6;43
C796415;7;94
C796415;1;4
C796462;2;5
C796462;3;63
C796462;4;13
C796462;5;14
C796462;6;22
C796462;7;62
C796462;1;8
C796552;2;89
C796552;3;82
C796552;4;6
C796552;5;26
C796552;6;60
C796552;7;40
C796552;1;81
C797767;2;98
C797767;3;70
C797767;4;54
C797767;5;63
C797767;6;82
C797767;7;28
C797767;1;68
C797928;2;72
C797928;3;33
C797928;4;47
C797928;5;16
C797928;6;5
C797928;7;2
C797928;1;100
C801586;2;5
C801586;3;1
C801586;4;98
C801586;5;77
C801586;6;15
C801586;7;54
C801586;1;78
C801604;2;55
C801604;3;81
C801604;4;9
C801604;5;31
C801604;6;74
C801604;7;11
C801604;1;21
C801829;2;66
C801829;3;17
C801829;4;41
C801829;5;98
C801829;6;79
C801829;7;32
C801829;1;61
C802128;2;74
C802128;3;31
C802128;4;74
C802128;5;15
C802128;6;100
C802128;7;78
C802128;1;23
C802282;2;8
C802282;3;40
C802282;4;11
C802282;5;44
C802282;6;34
C802282;7;67
C802282;1;91
C802316;2;81
C802316;3;16
C802316;4;16
C802316;5;50
C802316;6;24
C802316;7;99
C802316;1;62
C802581;2;45
C802581;3;18
C802581;4;46
C802581;5;74
C802581;6;89
C802581;7;55
C802581;1;67
C802949;2;44
C802949;3;40
C802949;4;70
C802949;5;87
C802949;6;25
C802949;7;35
C802949;1;17
C802977;2;60
C802977;3;26
C802977;4;24
C802977;5;92
C802977;6;90
C802977;7;48
C802977;1;61
C802984;2;20
C802984;3;55
C802984;4;59
C802984;5;19
C802984;6;9
C802984;7;88
C802984;1;87
C803039;2;65
C803039;3;15
C803039;4;51
C803039;5;61
C803039;6;74
C803039;7;1
C803039;1;31
C803062;2;39
C803062;3;22
C803062;4;6
C803062;5;77
C803062;6;85
C803062;7;92
C803062;1;39
C803799;2;98
C803799;3;92
C803799;4;99
C803799;5;24
C803799;6;42
C803799;7;7
C803799;1;17
C803834;2;84
C803834;3;82
C803834;4;29
C803834;5;54
C803834;6;90
C803834;7;27
C803834;1;94
C803916;2;68
C803916;3;77
C803916;4;32
C803916;5;84
C803916;6;1
C803916;7;28
C803916;1;85
C803933;2;0
C803933;3;25
C803933;4;12
C803933;5;40
C803933;6;97
C803933;7;27
C803933;1;39
C803962;2;88
C803962;3;86
C803962;4;73
C803962;5;82
C803962;6;51
C803962;7;38
C803962;1;7
C804032;2;30
C804032;3;87
C804032;4;29
C804032;5;55
C804032;6;62
C804032;7;6
C804032;1;64
C804037;2;3
C804037;3;52
C804037;4;71
C804037;5;33
C804037;6;82
C804037;7;66
C804037;1;80
C804047;2;64
C804047;3;98
C804047;4;69
C804047;5;64
C804047;6;83
C804047;7;69
C804047;1;66
C804055;2;82
C804055;3;50
C804055;4;98
C804055;5;51
C804055;6;81
C804055;7;56
C804055;1;83
C804101;2;18
C804101;3;42
C804101;4;74
C804101;5;78
C804101;6;71
C804101;7;98
C804101;1;80
C804103;2;1
C804103;3;79
C804103;4;56
C804103;5;97
C804103;6;80
C804103;7;88
C804103;1;16
C804121;2;67
C804121;3;24
C804121;4;15
C804121;5;37
C804121;6;14
C804121;7;35
C804121;1;10
C804221;2;28
C804221;3;14
C804221;4;74
C804221;5;91
C804221;6;84
C804221;7;89
C804221;1;97
C804325;2;48
C804325;3;82
C804325;4;68
C804325;5;23
C804325;6;25
C804325;7;22
C804325;1;12
C804326;2;33
C804326;3;13
C804326;4;53
C804326;5;22
C804326;6;55
C804326;7;69
C804326;1;87
C804381;2;94
C804381;3;97
C804381;4;93
C804381;5;45
C804381;6;32
C804381;7;75
C804381;1;42
C804405;2;65
C804405;3;41
C804405;4;48
C804405;5;37
C804405;6;7
C804405;7;20
C804405;1;92
C804407;2;50
C804407;3;32
C804407;4;14
C804407;5;16
C804407;6;31
C804407;7;77
C804407;1;63
C804547;2;52
C804547;3;82
C804547;4;98
C804547;5;42
C804547;6;75
C804547;7;35
C804547;1;17
C804561;2;31
C804561;3;67
C804561;4;56
C804561;5;59
C804561;6;23
C804561;7;65
C804561;1;74
C804602;2;36
C804602;3;21
C804602;4;75
C804602;5;7
C804602;6;51
C804602;7;9
C804602;1;21
C804644;2;85
C804644;3;9
C804644;4;71
C804644;5;85
C804644;6;27
C804644;7;63
C804644;1;2
C804684;2;26
C804684;3;9
C804684;4;79
C804684;5;25
C804684;6;50
C804684;7;40
C804684;1;80
C804706;2;3
C804706;3;0
C804706;4;97
C804706;5;71
C804706;6;98
C804706;7;33
C804706;1;73
C804723;2;100
C804723;3;54
C804723;4;45
C804723;5;80
C804723;6;1
C804723;7;96
C804723;1;58
C804743;2;62
C804743;3;68
C804743;4;61
C804743;5;49
C804743;6;94
C804743;7;29
C804743;1;26
C804782;2;99
C804782;3;42
C804782;4;89
C804782;5;9
C804782;6;14
C804782;7;4
C804782;1;10
C804789;2;44
C804789;3;77
C804789;4;1
C804789;5;75
C804789;6;57
C804789;7;9
C804789;1;16
C804805;2;37
C804805;3;68
C804805;4;48
C804805;5;16
C804805;6;34
C804805;7;68
C804805;1;29
C804828;2;38
C804828;3;35
C804828;4;65
C804828;5;76
C804828;6;68
C804828;7;54
C804828;1;48
C804832;2;19
C804832;3;48
C804832;4;39
C804832;5;99
C804832;6;6
C804832;7;12
C804832;1;53
C804843;2;24
C804843;3;92
C804843;4;20
C804843;5;72
C804843;6;18
C804843;7;51
C804843;1;70
C804844;2;81
C804844;3;72
C804844;4;10
C804844;5;88
C804844;6;3
C804844;7;8
C804844;1;69
C804845;2;26
C804845;3;75
C804845;4;58
C804845;5;74
C804845;6;62
C804845;7;93
C804845;1;44
C805074;2;27
C805074;3;26
C805074;4;84
C805074;5;94
C805074;6;92
C805074;7;32
C805074;1;21
C805104;2;30
C805104;3;59
C805104;4;37
C805104;5;100
C805104;6;74
C805104;7;20
C805104;1;41
C805179;2;80
C805179;3;13
C805179;4;12
C805179;5;79
C805179;6;75
C805179;7;37
C805179;1;48
C805180;2;73
C805180;3;98
C805180;4;3
C805180;5;33
C805180;6;8
C805180;7;11
C805180;1;34
C805187;2;97
C805187;3;37
C805187;4;33
C805187;5;28
C805187;6;22
C805187;7;61
C805187;1;96
C805239;2;20
C805239;3;100
C805239;4;71
C805239;5;58
C805239;6;14
C805239;7;5
C805239;1;65
C805314;2;83
C805314;3;4
C805314;4;98
C805314;5;79
C805314;6;35
C805314;7;23
C805314;1;100
C805316;2;88
C805316;3;54
C805316;4;62
C805316;5;31
C805316;6;100
C805316;7;68
C805316;1;62
C805323;2;26
C805323;3;35
C805323;4;74
C805323;5;8
C805323;6;12
C805323;7;31
C805323;1;32
C805333;2;9
C805333;3;40
C805333;4;76
C805333;5;76
C805333;6;41
C805333;7;66
C805333;1;0
C805379;2;44
C805379;3;46
C805379;4;37
C805379;5;46
C805379;6;32
C805379;7;32
C805379;1;9
C805385;2;80
C805385;3;29
C805385;4;75
C805385;5;6
C805385;6;49
C805385;7;32
C805385;1;75
C805453;2;81
C805453;3;29
C805453;4;60
C805453;5;63
C805453;6;52
C805453;7;98
C805453;1;52
C805527;2;69
C805527;3;56
C805527;4;97
C805527;5;29
C805527;6;83
C805527;7;22
C805527;1;16
C805564;2;15
C805564;3;37
C805564;4;41
C805564;5;81
C805564;6;7
C805564;7;74
C805564;1;73
C805565;2;75
C805565;3;16
C805565;4;56
C805565;5;42
C805565;6;11
C805565;7;57
C805565;1;70
C805683;2;19
C805683;3;74
C805683;4;66
C805683;5;22
C805683;6;7
C805683;7;13
C805683;1;11
C805714;2;18
C805714;3;14
C805714;4;41
C805714;5;47
C805714;6;100
C805714;7;93
C805714;1;66
C805717;2;21
C805717;3;18
C805717;4;49
C805717;5;50
C805717;6;17
C805717;7;47
C805717;1;37
C805720;2;70
C805720;3;52
C805720;4;1
C805720;5;67
C805720;6;87
C805720;7;23
C805720;1;45
C805723;2;59
C805723;3;96
C805723;4;80
C805723;5;91
C805723;6;68
C805723;7;62
C805723;1;22
C805724;2;8
C805724;3;79
C805724;4;39
C805724;5;63
C805724;6;92
C805724;7;61
C805724;1;56
C805726;2;8
C805726;3;60
C805726;4;90
C805726;5;5
C805726;6;32
C805726;7;39
C805726;1;79
C805729;2;14
C805729;3;70
C805729;4;37
C805729;5;26
C805729;6;94
C805729;7;62
C805729;1;63
C805746;2;56
C805746;3;68
C805746;4;77
C805746;5;78
C805746;6;100
C805746;7;5
C805746;1;84
C805749;2;36
C805749;3;90
C805749;4;81
C805749;5;56
C805749;6;87
C805749;7;11
C805749;1;66
C805770;2;95
C805770;3;95
C805770;4;51
C805770;5;23
C805770;6;60
C805770;7;25
C805770;1;14
C805861;2;58
C805861;3;79
C805861;4;16
C805861;5;7
C805861;6;11
C805861;7;72
C805861;1;13
C805863;2;13
C805863;3;48
C805863;4;28
C805863;5;66
C805863;6;5
C805863;7;31
C805863;1;81
C805866;2;0
C805866;3;18
C805866;4;27
C805866;5;55
C805866;6;19
C805866;7;36
C805866;1;75
C805907;2;3
C805907;3;49
C805907;4;37
C805907;5;55
C805907;6;86
C805907;7;31
C805907;1;40
C805925;2;22
C805925;3;75
C805925;4;44
C805925;5;44
C805925;6;54
C805925;7;18
C805925;1;76
C805926;2;44
C805926;3;26
C805926;4;46
C805926;5;71
C805926;6;62
C805926;7;2
C805926;1;58
C805933;2;99
C805933;3;51
C805933;4;93
C805933;5;26
C805933;6;65
C805933;7;51
C805933;1;33
C805937;2;12
C805937;3;32
C805937;4;34
C805937;5;43
C805937;6;33
C805937;7;58
C805937;1;75
C805939;2;80
C805939;3;95
C805939;4;14
C805939;5;38
C805939;6;59
C805939;7;30
C805939;1;58
C805945;2;55
C805945;3;19
C805945;4;75
C805945;5;8
C805945;6;73
C805945;7;82
C805945;1;54
C805958;2;59
C805958;3;76
C805958;4;58
C805958;5;18
C805958;6;43
C805958;7;95
C805958;1;81
C805963;2;38
C805963;3;97
C805963;4;82
C805963;5;84
C805963;6;89
C805963;7;57
C805963;1;95
C805964;2;84
C805964;3;86
C805964;4;59
C805964;5;86
C805964;6;99
C805964;7;33
C805964;1;15
C805965;2;56
C805965;3;86
C805965;4;28
C805965;5;34
C805965;6;40
C805965;7;39
C805965;1;41
C805971;2;61
C805971;3;25
C805971;4;14
C805971;5;69
C805971;6;3
C805971;7;42
C805971;1;91
C805972;2;37
C805972;3;98
C805972;4;59
C805972;5;65
C805972;6;87
C805972;7;87
C805972;1;55
C805973;2;9
C805973;3;10
C805973;4;93
C805973;5;54
C805973;6;61
C805973;7;78
C805973;1;73
C805978;2;15
C805978;3;84
C805978;4;41
C805978;5;78
C805978;6;67
C805978;7;61
C805978;1;6
C805983;2;22
C805983;3;29
C805983;4;79
C805983;5;58
C805983;6;60
C805983;7;57
C805983;1;69
C805988;2;54
C805988;3;76
C805988;4;26
C805988;5;76
C805988;6;84
C805988;7;18
C805988;1;44
C805989;2;41
C805989;3;7
C805989;4;89
C805989;5;6
C805989;6;39
C805989;7;92
C805989;1;1
C805991;2;38
C805991;3;46
C805991;4;6
C805991;5;66
C805991;6;58
C805991;7;45
C805991;1;32
C805996;2;80
C805996;3;100
C805996;4;93
C805996;5;80
C805996;6;94
C805996;7;13
C805996;1;23
C808132;2;35
C808132;3;94
C808132;4;11
C808132;5;90
C808132;6;83
C808132;7;54
C808132;1;52
C808133;2;52
C808133;3;4
C808133;4;17
C808133;5;83
C808133;6;58
C808133;7;10
C808133;1;10
C808164;2;71
C808164;3;76
C808164;4;44
C808164;5;81
C808164;6;41
C808164;7;40
C808164;1;48
C808193;2;78
C808193;3;20
C808193;4;72
C808193;5;26
C808193;6;100
C808193;7;17
C808193;1;31
C808223;2;88
C808223;3;50
C808223;4;68
C808223;5;5
C808223;6;80
C808223;7;89
C808223;1;20
C808227;2;46
C808227;3;33
C808227;4;36
C808227;5;15
C808227;6;48
C808227;7;94
C808227;1;85
C808232;2;41
C808232;3;81
C808232;4;17
C808232;5;67
C808232;6;87
C808232;7;84
C808232;1;0
C808267;2;80
C808267;3;38
C808267;4;57
C808267;5;86
C808267;6;80
C808267;7;15
C808267;1;85
C808271;2;22
C808271;3;9
C808271;4;61
C808271;5;79
C808271;6;79
C808271;7;19
C808271;1;26
C808282;2;78
C808282;3;1
C808282;4;29
C808282;5;42
C808282;6;100
C808282;7;66
C808282;1;10
C808303;2;35
C808303;3;98
C808303;4;35
C808303;5;52
C808303;6;73
C808303;7;74
C808303;1;19
C808359;2;49
C808359;3;32
C808359;4;59
C808359;5;50
C808359;6;18
C808359;7;87
C808359;1;34
C808392;2;10
C808392;3;33
C808392;4;35
C808392;5;42
C808392;6;61
C808392;7;77
C808392;1;64
C808471;2;80
C808471;3;52
C808471;4;28
C808471;5;82
C808471;6;14
C808471;7;35
C808471;1;7
C808646;2;24
C808646;3;20
C808646;4;61
C808646;5;65
C808646;6;77
C808646;7;8
C808646;1;59
C808648;2;48
C808648;3;51
C808648;4;42
C808648;5;52
C808648;6;45
C808648;7;3
C808648;1;68
C808683;2;7
C808683;3;56
C808683;4;28
C808683;5;81
C808683;6;24
C808683;7;79
C808683;1;97
C808756;2;52
C808756;3;0
C808756;4;12
C808756;5;60
C808756;6;9
C808756;7;36
C808756;1;57
C808769;2;2
C808769;3;40
C808769;4;46
C808769;5;81
C808769;6;37
C808769;7;82
C808769;1;77
C808771;2;29
C808771;3;8
C808771;4;34
C808771;5;91
C808771;6;43
C808771;7;25
C808771;1;61
C808788;2;25
C808788;3;60
C808788;4;51
C808788;5;33
C808788;6;59
C808788;7;21
C808788;1;78
C808793;2;12
C808793;3;29
C808793;4;6
C808793;5;84
C808793;6;34
C808793;7;30
C808793;1;86
C808802;2;44
C808802;3;94
C808802;4;87
C808802;5;65
C808802;6;64
C808802;7;96
C808802;1;28
C808819;2;13
C808819;3;32
C808819;4;5
C808819;5;8
C808819;6;1
C808819;7;17
C808819;1;54
C808842;2;35
C808842;3;43
C808842;4;78
C808842;5;30
C808842;6;4
C808842;7;43
C808842;1;73
C808856;2;37
C808856;3;96
C808856;4;59
C808856;5;67
C808856;6;68
C808856;7;20
C808856;1;57
C808860;2;53
C808860;3;84
C808860;4;96
C808860;5;32
C808860;6;46
C808860;7;30
C808860;1;60
C808875;2;98
C808875;3;54
C808875;4;15
C808875;5;98
C808875;6;80
C808875;7;65
C808875;1;28
C809352;2;80
C809352;3;25
C809352;4;72
C809352;5;49
C809352;6;23
C809352;7;1
C809352;1;46
C809493;2;19
C809493;3;57
C809493;4;46
C809493;5;8
C809493;6;59
C809493;7;39
C809493;1;68
C809501;2;83
C809501;3;60
C809501;4;38
C809501;5;75
C809501;6;61
C809501;7;7
C809501;1;53
C809504;2;72
C809504;3;22
C809504;4;31
C809504;5;67
C809504;6;15
C809504;7;85
C809504;1;21
C809505;2;54
C809505;3;95
C809505;4;8
C809505;5;50
C809505;6;68
C809505;7;90
C809505;1;60
C809506;2;88
C809506;3;94
C809506;4;75
C809506;5;39
C809506;6;62
C809506;7;18
C809506;1;46
C809507;2;58
C809507;3;47
C809507;4;80
C809507;5;36
C809507;6;98
C809507;7;81
C809507;1;77
C809512;2;90
C809512;3;77
C809512;4;91
C809512;5;95
C809512;6;23
C809512;7;59
C809512;1;53
C809514;2;54
C809514;3;11
C809514;4;3
C809514;5;0
C809514;6;92
C809514;7;3
C809514;1;18
C809517;2;9
C809517;3;40
C809517;4;29
C809517;5;72
C809517;6;95
C809517;7;72
C809517;1;76
C809546;2;66
C809546;3;42
C809546;4;82
C809546;5;42
C809546;6;85
C809546;7;60
C809546;1;66
C809565;2;5
C809565;3;53
C809565;4;81
C809565;5;12
C809565;6;26
C809565;7;95
C809565;1;46
C809591;2;3
C809591;3;78
C809591;4;95
C809591;5;81
C809591;6;93
C809591;7;73
C809591;1;84
C809616;2;95
C809616;3;78
C809616;4;59
C809616;5;89
C809616;6;88
C809616;7;1
C809616;1;64
C809625;2;29
C809625;3;61
C809625;4;52
C809625;5;6
C809625;6;19
C809625;7;69
C809625;1;26
C809712;2;12
C809712;3;25
C809712;4;57
C809712;5;99
C809712;6;84
C809712;7;1
C809712;1;49
C809713;2;7
C809713;3;22
C809713;4;18
C809713;5;82
C809713;6;68
C809713;7;73
C809713;1;22
C809749;2;36
C809749;3;35
C809749;4;30
C809749;5;100
C809749;6;18
C809749;7;47
C809749;1;89
C809750;2;89
C809750;3;52
C809750;4;73
C809750;5;77
C809750;6;58
C809750;7;90
C809750;1;47
C810664;2;42
C810664;3;91
C810664;4;93
C810664;5;68
C810664;6;89
C810664;7;87
C810664;1;50
C810668;2;78
C810668;3;97
C810668;4;51
C810668;5;54
C810668;6;16
C810668;7;22
C810668;1;17
C810669;2;3
C810669;3;76
C810669;4;81
C810669;5;74
C810669;6;38
C810669;7;56
C810669;1;31
C810672;2;92
C810672;3;65
C810672;4;24
C810672;5;53
C810672;6;57
C810672;7;21
C810672;1;20
C810674;2;62
C810674;3;13
C810674;4;96
C810674;5;59
C810674;6;71
C810674;7;29
C810674;1;57
C810684;2;54
C810684;3;19
C810684;4;64
C810684;5;0
C810684;6;63
C810684;7;88
C810684;1;8
C810708;2;99
C810708;3;74
C810708;4;69
C810708;5;15
C810708;6;9
C810708;7;60
C810708;1;75
C810711;2;20
C810711;3;7
C810711;4;31
C810711;5;70
C810711;6;92
C810711;7;67
C810711;1;64
C810746;2;51
C810746;3;57
C810746;4;92
C810746;5;45
C810746;6;41
C810746;7;79
C810746;1;35
C888888;2;65
C888888;3;66
C888888;4;79
C888888;5;47
C888888;6;97
C888888;7;15
C888888;1;65
C810755;2;64
C810755;3;50
C810755;4;61
C810755;5;12
C810755;6;22
C810755;7;50
C810755;1;66
C810765;2;60
C810765;3;46
C810765;4;33
C810765;5;52
C810765;6;57
C810765;7;91
C810765;1;66
C810784;2;95
C810784;3;78
C810784;4;66
C810784;5;60
C810784;6;20
C810784;7;78
C810784;1;41
C810787;2;93
C810787;3;78
C810787;4;27
C810787;5;98
C810787;6;8
C810787;7;47
C810787;1;23
C810789;2;7
C810789;3;45
C810789;4;60
C810789;5;38
C810789;6;34
C810789;7;11
C810789;1;19
C810792;2;84
C810792;3;6
C810792;4;64
C810792;5;1
C810792;6;50
C810792;7;80
C810792;1;81
C810793;2;28
C810793;3;44
C810793;4;59
C810793;5;25
C810793;6;83
C810793;7;3
C810793;1;3
C810801;2;21
C810801;3;99
C810801;4;37
C810801;5;24
C810801;6;39
C810801;7;4
C810801;1;45
C810813;2;6
C810813;3;10
C810813;4;91
C810813;5;26
C810813;6;66
C810813;7;2
C810813;1;5
C810818;2;29
C810818;3;65
C810818;4;67
C810818;5;83
C810818;6;63
C810818;7;11
C810818;1;50
C810827;2;51
C810827;3;2
C810827;4;2
C810827;5;26
C810827;6;17
C810827;7;61
C810827;1;19
C810833;2;71
C810833;3;24
C810833;4;11
C810833;5;22
C810833;6;44
C810833;7;23
C810833;1;89
C810846;2;94
C810846;3;8
C810846;4;70
C810846;5;88
C810846;6;65
C810846;7;21
C810846;1;36
C810847;2;15
C810847;3;98
C810847;4;75
C810847;5;70
C810847;6;30
C810847;7;53
C810847;1;43
C810855;2;100
C810855;3;93
C810855;4;87
C810855;5;94
C810855;6;96
C810855;7;49
C810855;1;29
C810865;2;48
C810865;3;35
C810865;4;50
C810865;5;77
C810865;6;79
C810865;7;43
C810865;1;42
C810881;2;57
C810881;3;29
C810881;4;85
C810881;5;37
C810881;6;86
C810881;7;27
C810881;1;88
C810885;2;86
C810885;3;10
C810885;4;61
C810885;5;41
C810885;6;30
C810885;7;86
C810885;1;30
C810899;2;84
C810899;3;6
C810899;4;9
C810899;5;86
C810899;6;32
C810899;7;14
C810899;1;38
C810908;2;34
C810908;3;3
C810908;4;92
C810908;5;51
C810908;6;87
C810908;7;7
C810908;1;93
C810909;2;53
C810909;3;96
C810909;4;1
C810909;5;17
C810909;6;4
C810909;7;96
C810909;1;51
C810910;2;7
C810910;3;41
C810910;4;48
C810910;5;64
C810910;6;55
C810910;7;81
C810910;1;87
C810943;2;41
C810943;3;9
C810943;4;99
C810943;5;12
C810943;6;94
C810943;7;11
C810943;1;84
C810947;2;67
C810947;3;25
C810947;4;57
C810947;5;66
C810947;6;7
C810947;7;90
C810947;1;29
C810952;2;93
C810952;3;62
C810952;4;39
C810952;5;88
C810952;6;3
C810952;7;77
C810952;1;44
C810957;2;34
C810957;3;7
C810957;4;79
C810957;5;15
C810957;6;73
C810957;7;77
C810957;1;48
C810959;2;81
C810959;3;8
C810959;4;37
C810959;5;65
C810959;6;20
C810959;7;37
C810959;1;48
C811005;2;54
C811005;3;82
C811005;4;13
C811005;5;28
C811005;6;3
C811005;7;15
C811005;1;6
C811006;2;85
C811006;3;13
C811006;4;38
C811006;5;31
C811006;6;5
C811006;7;22
C811006;1;51
C811057;2;74
C811057;3;50
C811057;4;17
C811057;5;75
C811057;6;64
C811057;7;45
C811057;1;91
C811159;2;16
C811159;3;95
C811159;4;11
C811159;5;95
C811159;6;85
C811159;7;88
C811159;1;68
C811170;2;70
C811170;3;45
C811170;4;50
C811170;5;91
C811170;6;3
C811170;7;78
C811170;1;93
C811175;2;69
C811175;3;30
C811175;4;44
C811175;5;69
C811175;6;83
C811175;7;68
C811175;1;81
C811188;2;96
C811188;3;88
C811188;4;60
C811188;5;18
C811188;6;85
C811188;7;13
C811188;1;8
C811189;2;58
C811189;3;34
C811189;4;73
C811189;5;7
C811189;6;81
C811189;7;6
C811189;1;46
C811198;2;68
C811198;3;53
C811198;4;57
C811198;5;47
C811198;6;94
C811198;7;2
C811198;1;16
C811205;2;67
C811205;3;38
C811205;4;79
C811205;5;56
C811205;6;33
C811205;7;31
C811205;1;6
C811207;2;70
C811207;3;59
C811207;4;77
C811207;5;66
C811207;6;35
C811207;7;29
C811207;1;70
C811232;2;45
C811232;3;36
C811232;4;25
C811232;5;57
C811232;6;75
C811232;7;18
C811232;1;17
C811233;2;32
C811233;3;40
C811233;4;87
C811233;5;40
C811233;6;64
C811233;7;31
C811233;1;74
C811251;2;71
C811251;3;48
C811251;4;30
C811251;5;100
C811251;6;59
C811251;7;17
C811251;1;20
C811263;2;14
C811263;3;20
C811263;4;83
C811263;5;83
C811263;6;72
C811263;7;58
C811263;1;96
C811264;2;9
C811264;3;99
C811264;4;89
C811264;5;5
C811264;6;75
C811264;7;13
C811264;1;39
C811277;2;91
C811277;3;76
C811277;4;74
C811277;5;17
C811277;6;32
C811277;7;52
C811277;1;60
C811279;2;12
C811279;3;98
C811279;4;81
C811279;5;38
C811279;6;20
C811279;7;51
C811279;1;79
C811280;2;24
C811280;3;45
C811280;4;3
C811280;5;83
C811280;6;36
C811280;7;5
C811280;1;60
C811281;2;67
C811281;3;72
C811281;4;62
C811281;5;77
C811281;6;59
C811281;7;55
C811281;1;43
C811282;2;31
C811282;3;71
C811282;4;96
C811282;5;14
C811282;6;61
C811282;7;35
C811282;1;4
C811284;2;5
C811284;3;89
C811284;4;49
C811284;5;50
C811284;6;97
C811284;7;74
C811284;1;39
C811290;2;68
C811290;3;71
C811290;4;92
C811290;5;66
C811290;6;30
C811290;7;57
C811290;1;25
C811292;2;90
C811292;3;68
C811292;4;3
C811292;5;75
C811292;6;40
C811292;7;83
C811292;1;27
C811296;2;21
C811296;3;62
C811296;4;85
C811296;5;79
C811296;6;83
C811296;7;75
C811296;1;16
C811297;2;94
C811297;3;36
C811297;4;56
C811297;5;83
C811297;6;87
C811297;7;95
C811297;1;27
C811301;2;35
C811301;3;27
C811301;4;23
C811301;5;41
C811301;6;31
C811301;7;27
C811301;1;95
C811302;2;56
C811302;3;10
C811302;4;37
C811302;5;57
C811302;6;18
C811302;7;17
C811302;1;56
C811304;2;76
C811304;3;13
C811304;4;69
C811304;5;87
C811304;6;12
C811304;7;92
C811304;1;38
C811305;2;68
C811305;3;75
C811305;4;97
C811305;5;74
C811305;6;47
C811305;7;70
C811305;1;81
C811308;2;44
C811308;3;83
C811308;4;55
C811308;5;70
C811308;6;37
C811308;7;93
C811308;1;62
C811314;2;41
C811314;3;4
C811314;4;95
C811314;5;95
C811314;6;59
C811314;7;93
C811314;1;38
C811315;2;64
C811315;3;99
C811315;4;38
C811315;5;97
C811315;6;99
C811315;7;37
C811315;1;74
C811316;2;68
C811316;3;26
C811316;4;33
C811316;5;38
C811316;6;69
C811316;7;32
C811316;1;86
C811321;2;70
C811321;3;4
C811321;4;43
C811321;5;15
C811321;6;0
C811321;7;43
C811321;1;46
C811322;2;4
C811322;3;23
C811322;4;71
C811322;5;90
C811322;6;6
C811322;7;90
C811322;1;51
C811329;2;37
C811329;3;66
C811329;4;11
C811329;5;65
C811329;6;21
C811329;7;40
C811329;1;100
C811332;2;93
C811332;3;61
C811332;4;91
C811332;5;10
C811332;6;88
C811332;7;30
C811332;1;16
C811354;2;29
C811354;3;27
C811354;4;77
C811354;5;22
C811354;6;22
C811354;7;73
C811354;1;2
C811355;2;54
C811355;3;72
C811355;4;47
C811355;5;50
C811355;6;40
C811355;7;81
C811355;1;29
C811356;2;49
C811356;3;86
C811356;4;20
C811356;5;10
C811356;6;27
C811356;7;23
C811356;1;20
C811362;2;61
C811362;3;50
C811362;4;1
C811362;5;1
C811362;6;48
C811362;7;95
C811362;1;75
C811371;2;35
C811371;3;73
C811371;4;6
C811371;5;46
C811371;6;30
C811371;7;2
C811371;1;13
C811372;2;43
C811372;3;52
C811372;4;60
C811372;5;80
C811372;6;59
C811372;7;42
C811372;1;35
C811378;2;60
C811378;3;73
C811378;4;14
C811378;5;46
C811378;6;31
C811378;7;48
C811378;1;18
C811379;2;94
C811379;3;89
C811379;4;42
C811379;5;7
C811379;6;91
C811379;7;30
C811379;1;1
C811389;2;81
C811389;3;57
C811389;4;15
C811389;5;86
C811389;6;33
C811389;7;60
C811389;1;7
C811390;2;78
C811390;3;40
C811390;4;52
C811390;5;46
C811390;6;36
C811390;7;30
C811390;1;8
C811392;2;23
C811392;3;74
C811392;4;84
C811392;5;56
C811392;6;20
C811392;7;77
C811392;1;92
C811393;2;26
C811393;3;4
C811393;4;21
C811393;5;58
C811393;6;48
C811393;7;16
C811393;1;72
C811394;2;66
C811394;3;22
C811394;4;94
C811394;5;18
C811394;6;100
C811394;7;76
C811394;1;80
C811395;2;21
C811395;3;43
C811395;4;11
C811395;5;98
C811395;6;88
C811395;7;95
C811395;1;46
C811397;2;53
C811397;3;82
C811397;4;42
C811397;5;44
C811397;6;94
C811397;7;51
C811397;1;15
C811398;2;87
C811398;3;33
C811398;4;22
C811398;5;76
C811398;6;62
C811398;7;29
C811398;1;98
C811403;2;40
C811403;3;55
C811403;4;7
C811403;5;34
C811403;6;100
C811403;7;41
C811403;1;66
C811405;2;8
C811405;3;86
C811405;4;60
C811405;5;82
C811405;6;7
C811405;7;12
C811405;1;99
C811408;2;55
C811408;3;37
C811408;4;53
C811408;5;47
C811408;6;49
C811408;7;92
C811408;1;51
C811410;2;2
C811410;3;48
C811410;4;61
C811410;5;10
C811410;6;26
C811410;7;10
C811410;1;88
C821589;2;53
C821589;3;55
C821589;4;22
C821589;5;73
C821589;6;59
C821589;7;35
C821589;1;28
C941085;2;71
C941085;3;47
C941085;4;69
C941085;5;61
C941085;6;7
C941085;7;69
C941085;1;64
C985155;2;56
C985155;3;76
C985155;4;15
C985155;5;23
C985155;6;35
C985155;7;11
C985155;1;45
CE03425;2;44
CE03425;3;95
CE03425;4;32
CE03425;5;64
CE03425;6;66
CE03425;7;69
CE03425;1;58
CE14662;2;12
CE14662;3;25
CE14662;4;38
CE14662;5;68
CE14662;6;39
CE14662;7;50
CE14662;1;77
CE17709;2;1
CE17709;3;5
CE17709;4;83
CE17709;5;36
CE17709;6;25
CE17709;7;34
CE17709;1;18
CE17710;2;94
CE17710;3;59
CE17710;4;70
CE17710;5;50
CE17710;6;49
CE17710;7;54
CE17710;1;22
CE17711;2;56
CE17711;3;78
CE17711;4;60
CE17711;5;40
CE17711;6;74
CE17711;7;46
CE17711;1;10
CE18306;2;48
CE18306;3;30
CE18306;4;65
CE18306;5;85
CE18306;6;32
CE18306;7;33
CE18306;1;55
CE24417;2;43
CE24417;3;9
CE24417;4;61
CE24417;5;10
CE24417;6;42
CE24417;7;18
CE24417;1;62
CE27209;2;8
CE27209;3;70
CE27209;4;38
CE27209;5;84
CE27209;6;91
CE27209;7;75
CE27209;1;35
CE29535;2;74
CE29535;3;72
CE29535;4;20
CE29535;5;100
CE29535;6;56
CE29535;7;26
CE29535;1;5
CE30318;2;86
CE30318;3;13
CE30318;4;83
CE30318;5;41
CE30318;6;62
CE30318;7;99
CE30318;1;38
CE30638;2;80
CE30638;3;42
CE30638;4;61
CE30638;5;40
CE30638;6;93
CE30638;7;20
CE30638;1;86
CE30639;2;42
CE30639;3;80
CE30639;4;10
CE30639;5;59
CE30639;6;27
CE30639;7;10
CE30639;1;34
CE30852;2;26
CE30852;3;66
CE30852;4;17
CE30852;5;6
CE30852;6;83
CE30852;7;7
CE30852;1;14
CE34436;2;71
CE34436;3;70
CE34436;4;34
CE34436;5;29
CE34436;6;87
CE34436;7;88
CE34436;1;99
CE34456;2;40
CE34456;3;26
CE34456;4;25
CE34456;5;21
CE34456;6;21
CE34456;7;35
CE34456;1;93
CE37757;2;58
CE37757;3;84
CE37757;4;96
CE37757;5;5
CE37757;6;82
CE37757;7;57
CE37757;1;37
CE38411;2;28
CE38411;3;7
CE38411;4;53
CE38411;5;100
CE38411;6;2
CE38411;7;80
CE38411;1;58
CE40475;2;71
CE40475;3;23
CE40475;4;98
CE40475;5;50
CE40475;6;10
CE40475;7;92
CE40475;1;7
CE41784;2;52
CE41784;3;58
CE41784;4;0
CE41784;5;62
CE41784;6;83
CE41784;7;80
CE41784;1;64
CE41979;2;28
CE41979;3;77
CE41979;4;46
CE41979;5;42
CE41979;6;9
CE41979;7;76
CE41979;1;80
CE42004;2;72
CE42004;3;29
CE42004;4;55
CE42004;5;82
CE42004;6;51
CE42004;7;26
CE42004;1;32
CE42028;2;67
CE42028;3;45
CE42028;4;33
CE42028;5;63
CE42028;6;27
CE42028;7;31
CE42028;1;83
CE42052;2;100
CE42052;3;28
CE42052;4;21
CE42052;5;3
CE42052;6;32
CE42052;7;47
CE42052;1;70
CE42593;2;40
CE42593;3;38
CE42593;4;2
CE42593;5;44
CE42593;6;85
CE42593;7;31
CE42593;1;32
CE43166;2;8
CE43166;3;29
CE43166;4;81
CE43166;5;35
CE43166;6;71
CE43166;7;48
CE43166;1;26
CE43229;2;49
CE43229;3;20
CE43229;4;53
CE43229;5;96
CE43229;6;53
CE43229;7;100
CE43229;1;68
CE43328;2;65
CE43328;3;5
CE43328;4;12
CE43328;5;88
CE43328;6;57
CE43328;7;87
CE43328;1;9
CE43579;2;72
CE43579;3;21
CE43579;4;53
CE43579;5;51
CE43579;6;60
CE43579;7;5
CE43579;1;33
CE44928;2;36
CE44928;3;21
CE44928;4;17
CE44928;5;3
CE44928;6;31
CE44928;7;6
CE44928;1;38
CE46213;2;81
CE46213;3;88
CE46213;4;95
CE46213;5;96
CE46213;6;77
CE46213;7;91
CE46213;1;10
CE46835;2;41
CE46835;3;98
CE46835;4;32
CE46835;5;20
CE46835;6;45
CE46835;7;7
CE46835;1;51
CE47376;2;30
CE47376;3;63
CE47376;4;94
CE47376;5;88
CE47376;6;84
CE47376;7;58
CE47376;1;53
CE47497;2;15
CE47497;3;41
CE47497;4;20
CE47497;5;85
CE47497;6;22
CE47497;7;13
CE47497;1;28
CE47925;2;30
CE47925;3;7
CE47925;4;61
CE47925;5;89
CE47925;6;23
CE47925;7;47
CE47925;1;77
CE47926;2;81
CE47926;3;70
CE47926;4;92
CE47926;5;79
CE47926;6;68
CE47926;7;95
CE47926;1;83
CE47927;2;19
CE47927;3;54
CE47927;4;17
CE47927;5;66
CE47927;6;63
CE47927;7;57
CE47927;1;46
CE48026;2;83
CE48026;3;60
CE48026;4;11
CE48026;5;5
CE48026;6;38
CE48026;7;71
CE48026;1;27
CE48051;2;29
CE48051;3;41
CE48051;4;41
CE48051;5;53
CE48051;6;73
CE48051;7;13
CE48051;1;54
CE48448;2;97
CE48448;3;1
CE48448;4;27
CE48448;5;57
CE48448;6;89
CE48448;7;5
CE48448;1;37
CE48733;2;76
CE48733;3;0
CE48733;4;19
CE48733;5;84
CE48733;6;22
CE48733;7;78
CE48733;1;26
CE48941;2;55
CE48941;3;28
CE48941;4;34
CE48941;5;9
CE48941;6;74
CE48941;7;59
CE48941;1;64
CE49917;2;69
CE49917;3;82
CE49917;4;47
CE49917;5;71
CE49917;6;24
CE49917;7;54
CE49917;1;95
CE50117;2;48
CE50117;3;42
CE50117;4;82
CE50117;5;91
CE50117;6;46
CE50117;7;59
CE50117;1;95
CE50152;2;78
CE50152;3;47
CE50152;4;84
CE50152;5;42
CE50152;6;56
CE50152;7;40
CE50152;1;12
CE50160;2;87
CE50160;3;57
CE50160;4;80
CE50160;5;20
CE50160;6;36
CE50160;7;87
CE50160;1;37
CE50178;2;43
CE50178;3;12
CE50178;4;43
CE50178;5;66
CE50178;6;69
CE50178;7;64
CE50178;1;95
CE50845;2;79
CE50845;3;14
CE50845;4;62
CE50845;5;44
CE50845;6;36
CE50845;7;45
CE50845;1;23
CE50906;2;51
CE50906;3;55
CE50906;4;66
CE50906;5;48
CE50906;6;90
CE50906;7;81
CE50906;1;15
CE51433;2;64
CE51433;3;60
CE51433;4;89
CE51433;5;80
CE51433;6;75
CE51433;7;59
CE51433;1;82
CE51434;2;94
CE51434;3;24
CE51434;4;73
CE51434;5;61
CE51434;6;17
CE51434;7;21
CE51434;1;14
CE51510;2;15
CE51510;3;60
CE51510;4;88
CE51510;5;36
CE51510;6;6
CE51510;7;30
CE51510;1;40
CE51577;2;17
CE51577;3;50
CE51577;4;65
CE51577;5;90
CE51577;6;8
CE51577;7;65
CE51577;1;2
CE51848;2;11
CE51848;3;84
CE51848;4;95
CE51848;5;24
CE51848;6;92
CE51848;7;52
CE51848;1;38
CE51863;2;85
CE51863;3;10
CE51863;4;98
CE51863;5;100
CE51863;6;72
CE51863;7;95
CE51863;1;63
CE52035;2;61
CE52035;3;33
CE52035;4;17
CE52035;5;2
CE52035;6;32
CE52035;7;24
CE52035;1;75
CE52097;2;64
CE52097;3;42
CE52097;4;88
CE52097;5;13
CE52097;6;78
CE52097;7;85
CE52097;1;6
CE52336;2;94
CE52336;3;58
CE52336;4;63
CE52336;5;62
CE52336;6;61
CE52336;7;69
CE52336;1;16
CE52434;2;50
CE52434;3;79
CE52434;4;6
CE52434;5;20
CE52434;6;56
CE52434;7;61
CE52434;1;36
CE52470;2;84
CE52470;3;94
CE52470;4;31
CE52470;5;65
CE52470;6;19
CE52470;7;98
CE52470;1;25
CE52603;2;87
CE52603;3;100
CE52603;4;17
CE52603;5;11
CE52603;6;29
CE52603;7;84
CE52603;1;32
CE52611;2;43
CE52611;3;9
CE52611;4;54
CE52611;5;92
CE52611;6;1
CE52611;7;61
CE52611;1;61
CE52790;2;2
CE52790;3;76
CE52790;4;20
CE52790;5;100
CE52790;6;46
CE52790;7;66
CE52790;1;67
CE53474;2;5
CE53474;3;41
CE53474;4;21
CE53474;5;42
CE53474;6;76
CE53474;7;25
CE53474;1;17
CE53475;2;56
CE53475;3;77
CE53475;4;97
CE53475;5;88
CE53475;6;15
CE53475;7;62
CE53475;1;36
CE53945;2;21
CE53945;3;4
CE53945;4;32
CE53945;5;41
CE53945;6;8
CE53945;7;96
CE53945;1;30
CE54569;2;69
CE54569;3;14
CE54569;4;96
CE54569;5;48
CE54569;6;82
CE54569;7;57
CE54569;1;12
CE54816;2;94
CE54816;3;80
CE54816;4;69
CE54816;5;33
CE54816;6;10
CE54816;7;84
CE54816;1;14
CE54839;2;72
CE54839;3;51
CE54839;4;52
CE54839;5;50
CE54839;6;32
CE54839;7;33
CE54839;1;30
CE54975;2;48
CE54975;3;37
CE54975;4;98
CE54975;5;17
CE54975;6;64
CE54975;7;65
CE54975;1;89
CE55339;2;96
CE55339;3;19
CE55339;4;50
CE55339;5;12
CE55339;6;72
CE55339;7;51
CE55339;1;28
CE55340;2;19
CE55340;3;63
CE55340;4;51
CE55340;5;17
CE55340;6;34
CE55340;7;42
CE55340;1;72
CE55472;2;20
CE55472;3;89
CE55472;4;3
CE55472;5;44
CE55472;6;34
CE55472;7;37
CE55472;1;7
CE55477;2;85
CE55477;3;76
CE55477;4;22
CE55477;5;54
CE55477;6;22
CE55477;7;57
CE55477;1;88
CE55865;2;85
CE55865;3;83
CE55865;4;24
CE55865;5;95
CE55865;6;45
CE55865;7;71
CE55865;1;25
CE55951;2;44
CE55951;3;51
CE55951;4;61
CE55951;5;49
CE55951;6;69
CE55951;7;5
CE55951;1;47
CE56090;2;33
CE56090;3;67
CE56090;4;19
CE56090;5;76
CE56090;6;53
CE56090;7;55
CE56090;1;92
CE56092;2;89
CE56092;3;85
CE56092;4;27
CE56092;5;8
CE56092;6;68
CE56092;7;90
CE56092;1;84
CE56109;2;33
CE56109;3;82
CE56109;4;49
CE56109;5;100
CE56109;6;46
CE56109;7;4
CE56109;1;100
CE56248;2;80
CE56248;3;60
CE56248;4;70
CE56248;5;64
CE56248;6;80
CE56248;7;52
CE56248;1;55
CE56274;2;45
CE56274;3;53
CE56274;4;68
CE56274;5;80
CE56274;6;29
CE56274;7;61
CE56274;1;88
CE56445;2;1
CE56445;3;70
CE56445;4;56
CE56445;5;53
CE56445;6;56
CE56445;7;28
CE56445;1;94
CE56542;2;62
CE56542;3;85
CE56542;4;14
CE56542;5;63
CE56542;6;9
CE56542;7;10
CE56542;1;70
CE56568;2;77
CE56568;3;49
CE56568;4;56
CE56568;5;69
CE56568;6;9
CE56568;7;8
CE56568;1;52
CE56879;2;66
CE56879;3;13
CE56879;4;96
CE56879;5;18
CE56879;6;8
CE56879;7;81
CE56879;1;69
CE56948;2;38
CE56948;3;45
CE56948;4;41
CE56948;5;52
CE56948;6;14
CE56948;7;2
CE56948;1;75
CE57060;2;100
CE57060;3;55
CE57060;4;100
CE57060;5;98
CE57060;6;89
CE57060;7;67
CE57060;1;55
CE57066;2;6
CE57066;3;62
CE57066;4;6
CE57066;5;14
CE57066;6;55
CE57066;7;13
CE57066;1;100
CE57093;2;4
CE57093;3;11
CE57093;4;10
CE57093;5;49
CE57093;6;65
CE57093;7;11
CE57093;1;24
CE57157;2;38
CE57157;3;83
CE57157;4;40
CE57157;5;59
CE57157;6;42
CE57157;7;85
CE57157;1;76
CE57264;2;70
CE57264;3;67
CE57264;4;14
CE57264;5;23
CE57264;6;16
CE57264;7;49
CE57264;1;58
CE57299;2;92
CE57299;3;32
CE57299;4;100
CE57299;5;0
CE57299;6;76
CE57299;7;61
CE57299;1;1
CE57320;2;54
CE57320;3;12
CE57320;4;55
CE57320;5;70
CE57320;6;0
CE57320;7;86
CE57320;1;17
CE57396;2;7
CE57396;3;100
CE57396;4;66
CE57396;5;1
CE57396;6;18
CE57396;7;17
CE57396;1;48
CE57488;2;75
CE57488;3;79
CE57488;4;18
CE57488;5;2
CE57488;6;57
CE57488;7;46
CE57488;1;91
CE57567;2;25
CE57567;3;49
CE57567;4;14
CE57567;5;40
CE57567;6;80
CE57567;7;17
CE57567;1;67
CE57586;2;17
CE57586;3;33
CE57586;4;99
CE57586;5;33
CE57586;6;10
CE57586;7;29
CE57586;1;11
CE57635;2;87
CE57635;3;7
CE57635;4;40
CE57635;5;35
CE57635;6;40
CE57635;7;30
CE57635;1;47
CE57920;2;87
CE57920;3;38
CE57920;4;37
CE57920;5;54
CE57920;6;27
CE57920;7;26
CE57920;1;45
CE58194;2;49
CE58194;3;66
CE58194;4;78
CE58194;5;17
CE58194;6;10
CE58194;7;74
CE58194;1;0
CE58491;2;19
CE58491;3;86
CE58491;4;59
CE58491;5;94
CE58491;6;15
CE58491;7;67
CE58491;1;36
CE58625;2;54
CE58625;3;2
CE58625;4;31
CE58625;5;23
CE58625;6;61
CE58625;7;29
CE58625;1;43
CE58814;2;19
CE58814;3;67
CE58814;4;67
CE58814;5;29
CE58814;6;50
CE58814;7;57
CE58814;1;4
CE58926;2;87
CE58926;3;48
CE58926;4;24
CE58926;5;36
CE58926;6;28
CE58926;7;48
CE58926;1;79
CE59142;2;41
CE59142;3;50
CE59142;4;15
CE59142;5;84
CE59142;6;58
CE59142;7;39
CE59142;1;51
CE59254;2;60
CE59254;3;81
CE59254;4;18
CE59254;5;77
CE59254;6;5
CE59254;7;17
CE59254;1;30
CE59467;2;10
CE59467;3;21
CE59467;4;3
CE59467;5;0
CE59467;6;19
CE59467;7;41
CE59467;1;36
CE59507;2;99
CE59507;3;84
CE59507;4;23
CE59507;5;7
CE59507;6;79
CE59507;7;84
CE59507;1;29
CE59519;2;56
CE59519;3;19
CE59519;4;68
CE59519;5;20
CE59519;6;6
CE59519;7;80
CE59519;1;52
CE59730;2;32
CE59730;3;80
CE59730;4;91
CE59730;5;75
CE59730;6;96
CE59730;7;38
CE59730;1;15
CE59922;2;0
CE59922;3;43
CE59922;4;44
CE59922;5;82
CE59922;6;31
CE59922;7;73
CE59922;1;27
CE59964;2;66
CE59964;3;73
CE59964;4;44
CE59964;5;90
CE59964;6;84
CE59964;7;22
CE59964;1;10
CE59969;2;92
CE59969;3;68
CE59969;4;48
CE59969;5;96
CE59969;6;3
CE59969;7;25
CE59969;1;97
CE59970;2;97
CE59970;3;17
CE59970;4;7
CE59970;5;46
CE59970;6;4
CE59970;7;70
CE59970;1;2
CE59993;2;31
CE59993;3;8
CE59993;4;62
CE59993;5;66
CE59993;6;12
CE59993;7;62
CE59993;1;48
CE60329;2;71
CE60329;3;97
CE60329;4;91
CE60329;5;9
CE60329;6;63
CE60329;7;16
CE60329;1;65
CE60509;2;61
CE60509;3;5
CE60509;4;15
CE60509;5;43
CE60509;6;75
CE60509;7;24
CE60509;1;44
CE60737;2;50
CE60737;3;31
CE60737;4;70
CE60737;5;51
CE60737;6;86
CE60737;7;35
CE60737;1;1
CE60767;2;74
CE60767;3;91
CE60767;4;61
CE60767;5;49
CE60767;6;61
CE60767;7;96
CE60767;1;77
CE60769;2;52
CE60769;3;52
CE60769;4;4
CE60769;5;17
CE60769;6;60
CE60769;7;51
CE60769;1;0
CE60804;2;69
CE60804;3;89
CE60804;4;3
CE60804;5;73
CE60804;6;83
CE60804;7;11
CE60804;1;49
CE61162;2;10
CE61162;3;52
CE61162;4;7
CE61162;5;65
CE61162;6;81
CE61162;7;62
CE61162;1;40
CE61320;2;95
CE61320;3;67
CE61320;4;38
CE61320;5;97
CE61320;6;19
CE61320;7;47
CE61320;1;8
CE61541;2;19
CE61541;3;87
CE61541;4;78
CE61541;5;54
CE61541;6;76
CE61541;7;83
CE61541;1;2
CE61633;2;62
CE61633;3;35
CE61633;4;79
CE61633;5;13
CE61633;6;31
CE61633;7;93
CE61633;1;23
CE61638;2;69
CE61638;3;16
CE61638;4;97
CE61638;5;79
CE61638;6;1
CE61638;7;84
CE61638;1;60
CE61656;2;36
CE61656;3;59
CE61656;4;5
CE61656;5;6
CE61656;6;62
CE61656;7;28
CE61656;1;81
CE61687;2;83
CE61687;3;47
CE61687;4;13
CE61687;5;9
CE61687;6;62
CE61687;7;43
CE61687;1;23
CE61903;2;49
CE61903;3;0
CE61903;4;73
CE61903;5;25
CE61903;6;82
CE61903;7;93
CE61903;1;60
CE62112;2;53
CE62112;3;78
CE62112;4;44
CE62112;5;68
CE62112;6;84
CE62112;7;8
CE62112;1;44
CE62380;2;20
CE62380;3;20
CE62380;4;56
CE62380;5;92
CE62380;6;95
CE62380;7;73
CE62380;1;16
CE62622;2;41
CE62622;3;28
CE62622;4;6
CE62622;5;75
CE62622;6;6
CE62622;7;26
CE62622;1;2
CE62655;2;12
CE62655;3;42
CE62655;4;54
CE62655;5;2
CE62655;6;14
CE62655;7;69
CE62655;1;17
CE63123;2;4
CE63123;3;2
CE63123;4;68
CE63123;5;11
CE63123;6;83
CE63123;7;41
CE63123;1;1
CE63313;2;53
CE63313;3;47
CE63313;4;40
CE63313;5;21
CE63313;6;65
CE63313;7;79
CE63313;1;55
CE63473;2;65
CE63473;3;30
CE63473;4;9
CE63473;5;91
CE63473;6;4
CE63473;7;93
CE63473;1;64
CE63508;2;28
CE63508;3;82
CE63508;4;27
CE63508;5;95
CE63508;6;25
CE63508;7;94
CE63508;1;44
CE63761;2;32
CE63761;3;52
CE63761;4;5
CE63761;5;94
CE63761;6;4
CE63761;7;17
CE63761;1;48
CE64217;2;42
CE64217;3;34
CE64217;4;100
CE64217;5;55
CE64217;6;5
CE64217;7;11
CE64217;1;0
CE64257;2;61
CE64257;3;97
CE64257;4;44
CE64257;5;45
CE64257;6;22
CE64257;7;15
CE64257;1;85
CE64378;2;10
CE64378;3;97
CE64378;4;79
CE64378;5;70
CE64378;6;64
CE64378;7;89
CE64378;1;26
CE64394;2;34
CE64394;3;22
CE64394;4;12
CE64394;5;80
CE64394;6;88
CE64394;7;25
CE64394;1;33
CE64507;2;73
CE64507;3;52
CE64507;4;72
CE64507;5;30
CE64507;6;90
CE64507;7;87
CE64507;1;57
CE64571;2;87
CE64571;3;28
CE64571;4;96
CE64571;5;16
CE64571;6;71
CE64571;7;92
CE64571;1;87
CE64615;2;97
CE64615;3;8
CE64615;4;22
CE64615;5;58
CE64615;6;10
CE64615;7;48
CE64615;1;97
CE64687;2;1
CE64687;3;55
CE64687;4;28
CE64687;5;72
CE64687;6;100
CE64687;7;30
CE64687;1;95
CE64752;2;70
CE64752;3;52
CE64752;4;74
CE64752;5;42
CE64752;6;97
CE64752;7;18
CE64752;1;3
CE64753;2;4
CE64753;3;70
CE64753;4;19
CE64753;5;9
CE64753;6;39
CE64753;7;86
CE64753;1;76
CE64877;2;64
CE64877;3;93
CE64877;4;55
CE64877;5;95
CE64877;6;22
CE64877;7;47
CE64877;1;92
CE64919;2;25
CE64919;3;35
CE64919;4;88
CE64919;5;77
CE64919;6;0
CE64919;7;24
CE64919;1;44
CE64988;2;63
CE64988;3;67
CE64988;4;96
CE64988;5;20
CE64988;6;22
CE64988;7;50
CE64988;1;36
CE65053;2;95
CE65053;3;90
CE65053;4;21
CE65053;5;72
CE65053;6;6
CE65053;7;84
CE65053;1;42
CE65082;2;72
CE65082;3;79
CE65082;4;90
CE65082;5;88
CE65082;6;72
CE65082;7;94
CE65082;1;19
CE65203;2;49
CE65203;3;97
CE65203;4;56
CE65203;5;94
CE65203;6;37
CE65203;7;13
CE65203;1;46
CE65204;2;76
CE65204;3;1
CE65204;4;17
CE65204;5;31
CE65204;6;83
CE65204;7;100
CE65204;1;3
CE65205;2;53
CE65205;3;47
CE65205;4;100
CE65205;5;15
CE65205;6;89
CE65205;7;20
CE65205;1;97
CE65214;2;95
CE65214;3;55
CE65214;4;80
CE65214;5;79
CE65214;6;69
CE65214;7;68
CE65214;1;60
CE65226;2;93
CE65226;3;42
CE65226;4;24
CE65226;5;5
CE65226;6;25
CE65226;7;20
CE65226;1;9
CE65276;2;36
CE65276;3;84
CE65276;4;53
CE65276;5;51
CE65276;6;97
CE65276;7;98
CE65276;1;96
CE65485;2;99
CE65485;3;98
CE65485;4;67
CE65485;5;55
CE65485;6;50
CE65485;7;12
CE65485;1;49
CE65494;2;85
CE65494;3;48
CE65494;4;61
CE65494;5;10
CE65494;6;2
CE65494;7;7
CE65494;1;15
CE65559;2;3
CE65559;3;29
CE65559;4;35
CE65559;5;40
CE65559;6;15
CE65559;7;32
CE65559;1;28
CE65598;2;93
CE65598;3;49
CE65598;4;69
CE65598;5;69
CE65598;6;80
CE65598;7;40
CE65598;1;7
CE65938;2;93
CE65938;3;55
CE65938;4;18
CE65938;5;87
CE65938;6;53
CE65938;7;72
CE65938;1;67
CE66039;2;23
CE66039;3;48
CE66039;4;7
CE66039;5;68
CE66039;6;73
CE66039;7;74
CE66039;1;22
CE66043;2;63
CE66043;3;19
CE66043;4;100
CE66043;5;6
CE66043;6;35
CE66043;7;83
CE66043;1;30
CE66053;2;54
CE66053;3;21
CE66053;4;89
CE66053;5;37
CE66053;6;20
CE66053;7;7
CE66053;1;67
CE66135;2;80
CE66135;3;40
CE66135;4;66
CE66135;5;7
CE66135;6;70
CE66135;7;44
CE66135;1;61
CE66153;2;2
CE66153;3;41
CE66153;4;66
CE66153;5;42
CE66153;6;88
CE66153;7;26
CE66153;1;63
CE66182;2;35
CE66182;3;76
CE66182;4;23
CE66182;5;58
CE66182;6;41
CE66182;7;45
CE66182;1;67
CE66251;2;100
CE66251;3;97
CE66251;4;10
CE66251;5;39
CE66251;6;87
CE66251;7;13
CE66251;1;81
CE66252;2;95
CE66252;3;2
CE66252;4;36
CE66252;5;86
CE66252;6;82
CE66252;7;79
CE66252;1;17
CE66288;2;61
CE66288;3;0
CE66288;4;46
CE66288;5;95
CE66288;6;94
CE66288;7;7
CE66288;1;73
CE66305;2;24
CE66305;3;1
CE66305;4;78
CE66305;5;56
CE66305;6;67
CE66305;7;84
CE66305;1;95
CE66364;2;15
CE66364;3;71
CE66364;4;47
CE66364;5;92
CE66364;6;41
CE66364;7;0
CE66364;1;9
CE66458;2;41
CE66458;3;36
CE66458;4;20
CE66458;5;84
CE66458;6;89
CE66458;7;32
CE66458;1;60
CE66576;2;37
CE66576;3;11
CE66576;4;80
CE66576;5;32
CE66576;6;85
CE66576;7;34
CE66576;1;19
CE66579;2;93
CE66579;3;49
CE66579;4;0
CE66579;5;3
CE66579;6;43
CE66579;7;57
CE66579;1;81
CE66581;2;63
CE66581;3;49
CE66581;4;28
CE66581;5;19
CE66581;6;96
CE66581;7;58
CE66581;1;8
CE66582;2;90
CE66582;3;64
CE66582;4;73
CE66582;5;0
CE66582;6;71
CE66582;7;6
CE66582;1;99
CE66586;2;77
CE66586;3;45
CE66586;4;11
CE66586;5;15
CE66586;6;43
CE66586;7;59
CE66586;1;56
CE66612;2;81
CE66612;3;34
CE66612;4;13
CE66612;5;21
CE66612;6;59
CE66612;7;27
CE66612;1;43
CE66707;2;71
CE66707;3;19
CE66707;4;71
CE66707;5;20
CE66707;6;75
CE66707;7;22
CE66707;1;59
CE66714;2;35
CE66714;3;22
CE66714;4;91
CE66714;5;84
CE66714;6;76
CE66714;7;56
CE66714;1;40
CE66758;2;61
CE66758;3;10
CE66758;4;62
CE66758;5;12
CE66758;6;27
CE66758;7;46
CE66758;1;80
CE66764;2;47
CE66764;3;30
CE66764;4;44
CE66764;5;61
CE66764;6;84
CE66764;7;59
CE66764;1;45
CE66796;2;71
CE66796;3;63
CE66796;4;67
CE66796;5;30
CE66796;6;14
CE66796;7;69
CE66796;1;7
CE66798;2;93
CE66798;3;62
CE66798;4;79
CE66798;5;89
CE66798;6;14
CE66798;7;53
CE66798;1;61
CE66884;2;47
CE66884;3;68
CE66884;4;18
CE66884;5;19
CE66884;6;65
CE66884;7;46
CE66884;1;61
CE66885;2;60
CE66885;3;45
CE66885;4;65
CE66885;5;58
CE66885;6;8
CE66885;7;64
CE66885;1;1
CE66887;2;10
CE66887;3;30
CE66887;4;2
CE66887;5;78
CE66887;6;1
CE66887;7;44
CE66887;1;59
CE66910;2;84
CE66910;3;43
CE66910;4;58
CE66910;5;39
CE66910;6;12
CE66910;7;18
CE66910;1;35
CE67019;2;7
CE67019;3;34
CE67019;4;17
CE67019;5;76
CE67019;6;98
CE67019;7;28
CE67019;1;9
CE67101;2;30
CE67101;3;40
CE67101;4;98
CE67101;5;22
CE67101;6;100
CE67101;7;78
CE67101;1;32
CE67103;2;85
CE67103;3;5
CE67103;4;8
CE67103;5;60
CE67103;6;2
CE67103;7;39
CE67103;1;83
CE67183;2;7
CE67183;3;4
CE67183;4;17
CE67183;5;22
CE67183;6;35
CE67183;7;14
CE67183;1;38
CE67220;2;42
CE67220;3;24
CE67220;4;75
CE67220;5;52
CE67220;6;71
CE67220;7;4
CE67220;1;88
CE67221;2;46
CE67221;3;12
CE67221;4;33
CE67221;5;16
CE67221;6;6
CE67221;7;16
CE67221;1;25
CE67309;2;57
CE67309;3;78
CE67309;4;93
CE67309;5;65
CE67309;6;74
CE67309;7;76
CE67309;1;55
CE67312;2;44
CE67312;3;55
CE67312;4;27
CE67312;5;91
CE67312;6;37
CE67312;7;23
CE67312;1;32
CE67314;2;0
CE67314;3;26
CE67314;4;49
CE67314;5;65
CE67314;6;84
CE67314;7;69
CE67314;1;18
CE67315;2;66
CE67315;3;33
CE67315;4;42
CE67315;5;53
CE67315;6;85
CE67315;7;15
CE67315;1;57
CE67424;2;3
CE67424;3;21
CE67424;4;7
CE67424;5;10
CE67424;6;79
CE67424;7;9
CE67424;1;89
CE67484;2;21
CE67484;3;99
CE67484;4;81
CE67484;5;41
CE67484;6;40
CE67484;7;22
CE67484;1;75
CE67846;2;62
CE67846;3;14
CE67846;4;22
CE67846;5;75
CE67846;6;56
CE67846;7;48
CE67846;1;22
CE67847;2;38
CE67847;3;35
CE67847;4;96
CE67847;5;86
CE67847;6;39
CE67847;7;33
CE67847;1;51
CE67848;2;75
CE67848;3;13
CE67848;4;83
CE67848;5;31
CE67848;6;0
CE67848;7;23
CE67848;1;37
CE67849;2;56
CE67849;3;86
CE67849;4;46
CE67849;5;2
CE67849;6;81
CE67849;7;85
CE67849;1;44
CE67850;2;79
CE67850;3;13
CE67850;4;14
CE67850;5;53
CE67850;6;61
CE67850;7;20
CE67850;1;26
CE67855;2;78
CE67855;3;21
CE67855;4;17
CE67855;5;76
CE67855;6;21
CE67855;7;13
CE67855;1;12
CE67859;2;92
CE67859;3;41
CE67859;4;71
CE67859;5;58
CE67859;6;41
CE67859;7;16
CE67859;1;16
CE67865;2;15
CE67865;3;15
CE67865;4;78
CE67865;5;19
CE67865;6;42
CE67865;7;73
CE67865;1;38
CE67866;2;9
CE67866;3;97
CE67866;4;40
CE67866;5;75
CE67866;6;13
CE67866;7;86
CE67866;1;50
CE67868;2;42
CE67868;3;39
CE67868;4;80
CE67868;5;20
CE67868;6;63
CE67868;7;80
CE67868;1;15
CE67889;2;28
CE67889;3;22
CE67889;4;67
CE67889;5;81
CE67889;6;1
CE67889;7;39
CE67889;1;43
CE68026;2;54
CE68026;3;77
CE68026;4;5
CE68026;5;63
CE68026;6;38
CE68026;7;22
CE68026;1;79
CE68033;2;51
CE68033;3;52
CE68033;4;68
CE68033;5;71
CE68033;6;48
CE68033;7;76
CE68033;1;12
CE68193;2;30
CE68193;3;35
CE68193;4;87
CE68193;5;15
CE68193;6;81
CE68193;7;56
CE68193;1;16
CE68302;2;74
CE68302;3;98
CE68302;4;0
CE68302;5;53
CE68302;6;36
CE68302;7;76
CE68302;1;79
CE68333;2;28
CE68333;3;52
CE68333;4;14
CE68333;5;69
CE68333;6;31
CE68333;7;48
CE68333;1;30
CE68369;2;85
CE68369;3;73
CE68369;4;57
CE68369;5;14
CE68369;6;55
CE68369;7;51
CE68369;1;30
CE68404;2;84
CE68404;3;61
CE68404;4;14
CE68404;5;53
CE68404;6;77
CE68404;7;47
CE68404;1;32
CE68432;2;32
CE68432;3;87
CE68432;4;29
CE68432;5;71
CE68432;6;6
CE68432;7;21
CE68432;1;66
CE68469;2;67
CE68469;3;41
CE68469;4;71
CE68469;5;24
CE68469;6;51
CE68469;7;79
CE68469;1;39
CE68481;2;76
CE68481;3;92
CE68481;4;15
CE68481;5;27
CE68481;6;32
CE68481;7;1
CE68481;1;21
CE68487;2;29
CE68487;3;95
CE68487;4;60
CE68487;5;15
CE68487;6;55
CE68487;7;3
CE68487;1;40
CE68502;2;40
CE68502;3;3
CE68502;4;68
CE68502;5;22
CE68502;6;41
CE68502;7;50
CE68502;1;100
CE68547;2;98
CE68547;3;71
CE68547;4;35
CE68547;5;2
CE68547;6;67
CE68547;7;3
CE68547;1;66
CE68565;2;29
CE68565;3;77
CE68565;4;21
CE68565;5;100
CE68565;6;49
CE68565;7;72
CE68565;1;51
CE68692;2;22
CE68692;3;9
CE68692;4;82
CE68692;5;49
CE68692;6;70
CE68692;7;62
CE68692;1;69
CE68693;2;1
CE68693;3;24
CE68693;4;45
CE68693;5;40
CE68693;6;4
CE68693;7;8
CE68693;1;11
CE68707;2;51
CE68707;3;71
CE68707;4;94
CE68707;5;31
CE68707;6;94
CE68707;7;18
CE68707;1;12
CE68712;2;42
CE68712;3;71
CE68712;4;2
CE68712;5;15
CE68712;6;75
CE68712;7;61
CE68712;1;55
CE68863;2;2
CE68863;3;69
CE68863;4;96
CE68863;5;56
CE68863;6;48
CE68863;7;21
CE68863;1;84
CE68929;2;11
CE68929;3;77
CE68929;4;10
CE68929;5;53
CE68929;6;28
CE68929;7;77
CE68929;1;70
CE69031;2;97
CE69031;3;84
CE69031;4;60
CE69031;5;23
CE69031;6;26
CE69031;7;66
CE69031;1;45
CE69094;2;5
CE69094;3;8
CE69094;4;91
CE69094;5;21
CE69094;6;29
CE69094;7;99
CE69094;1;29
CE69109;2;72
CE69109;3;97
CE69109;4;39
CE69109;5;98
CE69109;6;27
CE69109;7;50
CE69109;1;54
CE69111;2;59
CE69111;3;82
CE69111;4;59
CE69111;5;11
CE69111;6;94
CE69111;7;36
CE69111;1;44
CE69112;2;9
CE69112;3;44
CE69112;4;77
CE69112;5;19
CE69112;6;69
CE69112;7;90
CE69112;1;39
CE69114;2;29
CE69114;3;25
CE69114;4;4
CE69114;5;30
CE69114;6;83
CE69114;7;38
CE69114;1;61
CE69136;2;49
CE69136;3;15
CE69136;4;19
CE69136;5;24
CE69136;6;20
CE69136;7;47
CE69136;1;24
CE69249;2;17
CE69249;3;76
CE69249;4;53
CE69249;5;75
CE69249;6;65
CE69249;7;23
CE69249;1;87
CE69265;2;77
CE69265;3;75
CE69265;4;32
CE69265;5;90
CE69265;6;16
CE69265;7;44
CE69265;1;17
CE69277;2;59
CE69277;3;91
CE69277;4;64
CE69277;5;8
CE69277;6;26
CE69277;7;91
CE69277;1;45
CE69336;2;1
CE69336;3;4
CE69336;4;46
CE69336;5;43
CE69336;6;28
CE69336;7;36
CE69336;1;76
CE69341;2;72
CE69341;3;36
CE69341;4;28
CE69341;5;50
CE69341;6;47
CE69341;7;76
CE69341;1;85
CE69361;2;95
CE69361;3;5
CE69361;4;23
CE69361;5;95
CE69361;6;4
CE69361;7;45
CE69361;1;69
CE69376;2;32
CE69376;3;30
CE69376;4;95
CE69376;5;32
CE69376;6;79
CE69376;7;54
CE69376;1;86
CE69377;2;16
CE69377;3;31
CE69377;4;95
CE69377;5;52
CE69377;6;5
CE69377;7;35
CE69377;1;85
CE69380;2;90
CE69380;3;24
CE69380;4;29
CE69380;5;35
CE69380;6;31
CE69380;7;5
CE69380;1;76
CE69445;2;1
CE69445;3;81
CE69445;4;71
CE69445;5;4
CE69445;6;97
CE69445;7;57
CE69445;1;61
CE69505;2;90
CE69505;3;11
CE69505;4;43
CE69505;5;29
CE69505;6;2
CE69505;7;37
CE69505;1;94
CE69603;2;13
CE69603;3;17
CE69603;4;2
CE69603;5;47
CE69603;6;41
CE69603;7;3
CE69603;1;13
CE69608;2;52
CE69608;3;7
CE69608;4;1
CE69608;5;90
CE69608;6;30
CE69608;7;67
CE69608;1;8
CE69611;2;83
CE69611;3;57
CE69611;4;52
CE69611;5;27
CE69611;6;100
CE69611;7;31
CE69611;1;86
CE69612;2;82
CE69612;3;7
CE69612;4;10
CE69612;5;96
CE69612;6;47
CE69612;7;97
CE69612;1;62
CE69613;2;1
CE69613;3;85
CE69613;4;98
CE69613;5;10
CE69613;6;3
CE69613;7;61
CE69613;1;48
CE69641;2;11
CE69641;3;42
CE69641;4;36
CE69641;5;71
CE69641;6;26
CE69641;7;34
CE69641;1;10
CE69667;2;0
CE69667;3;16
CE69667;4;35
CE69667;5;64
CE69667;6;48
CE69667;7;24
CE69667;1;5
CE69705;2;41
CE69705;3;55
CE69705;4;5
CE69705;5;6
CE69705;6;5
CE69705;7;80
CE69705;1;44
CE69709;2;30
CE69709;3;34
CE69709;4;11
CE69709;5;96
CE69709;6;19
CE69709;7;97
CE69709;1;65
CE69750;2;77
CE69750;3;92
CE69750;4;22
CE69750;5;31
CE69750;6;77
CE69750;7;80
CE69750;1;26
CE69797;2;58
CE69797;3;96
CE69797;4;58
CE69797;5;43
CE69797;6;92
CE69797;7;14
CE69797;1;82
CE69818;2;83
CE69818;3;6
CE69818;4;77
CE69818;5;93
CE69818;6;92
CE69818;7;87
CE69818;1;68
CE69821;2;37
CE69821;3;16
CE69821;4;1
CE69821;5;78
CE69821;6;12
CE69821;7;1
CE69821;1;45
CE69858;2;82
CE69858;3;2
CE69858;4;79
CE69858;5;75
CE69858;6;44
CE69858;7;4
CE69858;1;71
CE69969;2;14
CE69969;3;74
CE69969;4;92
CE69969;5;99
CE69969;6;23
CE69969;7;70
CE69969;1;91
CE69992;2;25
CE69992;3;71
CE69992;4;5
CE69992;5;54
CE69992;6;63
CE69992;7;55
CE69992;1;30
CE69994;2;7
CE69994;3;100
CE69994;4;28
CE69994;5;39
CE69994;6;54
CE69994;7;23
CE69994;1;38
CE70000;2;97
CE70000;3;57
CE70000;4;24
CE70000;5;13
CE70000;6;71
CE70000;7;6
CE70000;1;50
CE70114;2;93
CE70114;3;12
CE70114;4;96
CE70114;5;20
CE70114;6;49
CE70114;7;29
CE70114;1;68
CE70143;2;100
CE70143;3;86
CE70143;4;81
CE70143;5;98
CE70143;6;76
CE70143;7;78
CE70143;1;10
CE70149;2;49
CE70149;3;43
CE70149;4;2
CE70149;5;26
CE70149;6;43
CE70149;7;98
CE70149;1;6
CE70161;2;35
CE70161;3;76
CE70161;4;92
CE70161;5;100
CE70161;6;24
CE70161;7;99
CE70161;1;39
CE70171;2;91
CE70171;3;27
CE70171;4;64
CE70171;5;41
CE70171;6;37
CE70171;7;61
CE70171;1;98
CE70173;2;73
CE70173;3;3
CE70173;4;47
CE70173;5;20
CE70173;6;37
CE70173;7;33
CE70173;1;50
CE70176;2;16
CE70176;3;83
CE70176;4;15
CE70176;5;26
CE70176;6;72
CE70176;7;27
CE70176;1;22
CE70177;2;90
CE70177;3;94
CE70177;4;12
CE70177;5;8
CE70177;6;65
CE70177;7;73
CE70177;1;64
CE70178;2;72
CE70178;3;19
CE70178;4;38
CE70178;5;32
CE70178;6;59
CE70178;7;66
CE70178;1;16
CE70183;2;19
CE70183;3;68
CE70183;4;48
CE70183;5;79
CE70183;6;85
CE70183;7;18
CE70183;1;64
CE70202;2;24
CE70202;3;72
CE70202;4;92
CE70202;5;28
CE70202;6;77
CE70202;7;43
CE70202;1;64
CE70220;2;90
CE70220;3;11
CE70220;4;41
CE70220;5;67
CE70220;6;100
CE70220;7;33
CE70220;1;82
CE70245;2;20
CE70245;3;43
CE70245;4;84
CE70245;5;55
CE70245;6;51
CE70245;7;70
CE70245;1;98
CE70350;2;35
CE70350;3;17
CE70350;4;67
CE70350;5;59
CE70350;6;85
CE70350;7;76
CE70350;1;34
CE70371;2;11
CE70371;3;67
CE70371;4;3
CE70371;5;5
CE70371;6;24
CE70371;7;68
CE70371;1;61
CE70380;2;14
CE70380;3;82
CE70380;4;23
CE70380;5;25
CE70380;6;25
CE70380;7;33
CE70380;1;91
CE70382;2;9
CE70382;3;28
CE70382;4;8
CE70382;5;42
CE70382;6;51
CE70382;7;31
CE70382;1;43
CE70407;2;9
CE70407;3;14
CE70407;4;86
CE70407;5;57
CE70407;6;37
CE70407;7;39
CE70407;1;26
CE70412;2;99
CE70412;3;19
CE70412;4;43
CE70412;5;99
CE70412;6;98
CE70412;7;41
CE70412;1;51
CE70413;2;51
CE70413;3;7
CE70413;4;1
CE70413;5;52
CE70413;6;49
CE70413;7;50
CE70413;1;89
CE70580;2;43
CE70580;3;39
CE70580;4;66
CE70580;5;2
CE70580;6;40
CE70580;7;36
CE70580;1;65
CE70621;2;62
CE70621;3;40
CE70621;4;47
CE70621;5;1
CE70621;6;67
CE70621;7;28
CE70621;1;59
CE70650;2;77
CE70650;3;25
CE70650;4;85
CE70650;5;28
CE70650;6;5
CE70650;7;50
CE70650;1;61
CE70651;2;53
CE70651;3;11
CE70651;4;30
CE70651;5;76
CE70651;6;92
CE70651;7;17
CE70651;1;1
CE70711;2;82
CE70711;3;37
CE70711;4;55
CE70711;5;100
CE70711;6;52
CE70711;7;64
CE70711;1;14
CE70844;2;46
CE70844;3;63
CE70844;4;40
CE70844;5;6
CE70844;6;27
CE70844;7;70
CE70844;1;3
CE70901;2;19
CE70901;3;24
CE70901;4;22
CE70901;5;62
CE70901;6;68
CE70901;7;91
CE70901;1;70
CE70907;2;82
CE70907;3;6
CE70907;4;5
CE70907;5;74
CE70907;6;37
CE70907;7;15
CE70907;1;89
CE70945;2;66
CE70945;3;75
CE70945;4;70
CE70945;5;52
CE70945;6;31
CE70945;7;99
CE70945;1;2
CE71116;2;62
CE71116;3;97
CE71116;4;81
CE71116;5;26
CE71116;6;4
CE71116;7;2
CE71116;1;58
CE71118;2;37
CE71118;3;27
CE71118;4;98
CE71118;5;57
CE71118;6;37
CE71118;7;50
CE71118;1;21
CE71119;2;63
CE71119;3;19
CE71119;4;22
CE71119;5;41
CE71119;6;69
CE71119;7;57
CE71119;1;23
CE71120;2;56
CE71120;3;34
CE71120;4;75
CE71120;5;2
CE71120;6;97
CE71120;7;34
CE71120;1;88
CE71170;2;31
CE71170;3;64
CE71170;4;20
CE71170;5;28
CE71170;6;98
CE71170;7;33
CE71170;1;44
CE71171;2;47
CE71171;3;94
CE71171;4;69
CE71171;5;26
CE71171;6;16
CE71171;7;51
CE71171;1;93
CE71176;2;87
CE71176;3;75
CE71176;4;95
CE71176;5;48
CE71176;6;69
CE71176;7;64
CE71176;1;66
CG22671;2;17
CG22671;3;13
CG22671;4;48
CG22671;5;31
CG22671;6;73
CG22671;7;5
CG22671;1;60
CI01204;2;14
CI01204;3;74
CI01204;4;86
CI01204;5;35
CI01204;6;87
CI01204;7;5
CI01204;1;15
CI08666;2;8
CI08666;3;49
CI08666;4;18
CI08666;5;18
CI08666;6;2
CI08666;7;35
CI08666;1;20
CI35100;2;6
CI35100;3;77
CI35100;4;1
CI35100;5;96
CI35100;6;39
CI35100;7;36
CI35100;1;75
CI35128;2;61
CI35128;3;1
CI35128;4;43
CI35128;5;81
CI35128;6;87
CI35128;7;57
CI35128;1;53
CI35202;2;74
CI35202;3;9
CI35202;4;42
CI35202;5;91
CI35202;6;9
CI35202;7;4
CI35202;1;77
CI35375;2;5
CI35375;3;62
CI35375;4;82
CI35375;5;37
CI35375;6;55
CI35375;7;49
CI35375;1;49
CI35406;2;69
CI35406;3;36
CI35406;4;30
CI35406;5;35
CI35406;6;72
CI35406;7;33
CI35406;1;94
CI35407;2;88
CI35407;3;57
CI35407;4;74
CI35407;5;10
CI35407;6;76
CI35407;7;85
CI35407;1;94
CI35435;2;75
CI35435;3;81
CI35435;4;7
CI35435;5;40
CI35435;6;3
CI35435;7;70
CI35435;1;55
CI35442;2;88
CI35442;3;74
CI35442;4;23
CI35442;5;92
CI35442;6;95
CI35442;7;49
CI35442;1;68
CI22334;2;66
CI22334;3;82
CI22334;4;45
CI22334;5;67
CI22334;6;25
CI22334;7;37
CI22334;1;74
CV24903;2;70
CV24903;3;99
CV24903;4;94
CV24903;5;55
CV24903;6;76
CV24903;7;80
CV24903;1;12
CV24905;2;88
CV24905;3;15
CV24905;4;80
CV24905;5;99
CV24905;6;33
CV24905;7;15
CV24905;1;76
CV24935;2;26
CV24935;3;46
CV24935;4;43
CV24935;5;32
CV24935;6;72
CV24935;7;5
CV24935;1;67
CV24943;2;54
CV24943;3;58
CV24943;4;41
CV24943;5;15
CV24943;6;78
CV24943;7;7
CV24943;1;68
CV25001;2;23
CV25001;3;23
CV25001;4;88
CV25001;5;57
CV25001;6;38
CV25001;7;68
CV25001;1;30
CV25017;2;10
CV25017;3;84
CV25017;4;74
CV25017;5;15
CV25017;6;55
CV25017;7;69
CV25017;1;17
CV25056;2;77
CV25056;3;67
CV25056;4;55
CV25056;5;21
CV25056;6;46
CV25056;7;45
CV25056;1;64
CV25059;2;0
CV25059;3;1
CV25059;4;79
CV25059;5;51
CV25059;6;30
CV25059;7;3
CV25059;1;21
CV25060;2;44
CV25060;3;94
CV25060;4;47
CV25060;5;87
CV25060;6;58
CV25060;7;86
CV25060;1;64
CV25064;2;28
CV25064;3;27
CV25064;4;95
CV25064;5;94
CV25064;6;94
CV25064;7;11
CV25064;1;65
CV25065;2;48
CV25065;3;59
CV25065;4;67
CV25065;5;49
CV25065;6;13
CV25065;7;56
CV25065;1;31
CV25067;2;61
CV25067;3;93
CV25067;4;87
CV25067;5;98
CV25067;6;42
CV25067;7;64
CV25067;1;85
CV25074;2;42
CV25074;3;78
CV25074;4;44
CV25074;5;88
CV25074;6;12
CV25074;7;40
CV25074;1;49
CV25084;2;49
CV25084;3;75
CV25084;4;61
CV25084;5;94
CV25084;6;18
CV25084;7;90
CV25084;1;60
CV25087;2;85
CV25087;3;21
CV25087;4;99
CV25087;5;56
CV25087;6;32
CV25087;7;82
CV25087;1;56
CV25093;2;70
CV25093;3;71
CV25093;4;96
CV25093;5;32
CV25093;6;46
CV25093;7;96
CV25093;1;75
CV68710;2;18
CV68710;3;57
CV68710;4;0
CV68710;5;39
CV68710;6;44
CV68710;7;29
CV68710;1;66
E049846;2;33
E049846;3;10
E049846;4;43
E049846;5;69
E049846;6;22
E049846;7;31
E049846;1;47
P002345;2;60
P002345;3;85
P002345;4;15
P002345;5;72
P002345;6;39
P002345;7;79
P002345;1;78
O000083;2;10
O000083;3;35
O000083;4;29
O000083;5;65
O000083;6;52
O000083;7;13
O000083;1;68
O000087;2;81
O000087;3;87
O000087;4;62
O000087;5;77
O000087;6;37
O000087;7;77
O000087;1;69
O000100;2;52
O000100;3;8
O000100;4;27
O000100;5;87
O000100;6;43
O000100;7;36
O000100;1;48
O000103;2;58
O000103;3;53
O000103;4;78
O000103;5;15
O000103;6;39
O000103;7;30
O000103;1;84
O000106;2;45
O000106;3;77
O000106;4;25
O000106;5;11
O000106;6;43
O000106;7;5
O000106;1;6
O000108;2;7
O000108;3;96
O000108;4;24
O000108;5;20
O000108;6;1
O000108;7;70
O000108;1;4
O000110;2;75
O000110;3;18
O000110;4;9
O000110;5;78
O000110;6;97
O000110;7;9
O000110;1;44
O000111;2;89
O000111;3;10
O000111;4;17
O000111;5;37
O000111;6;11
O000111;7;33
O000111;1;81
O000118;2;6
O000118;3;53
O000118;4;95
O000118;5;66
O000118;6;26
O000118;7;96
O000118;1;42
O000150;2;29
O000150;3;78
O000150;4;90
O000150;5;67
O000150;6;45
O000150;7;90
O000150;1;12
O000158;2;54
O000158;3;62
O000158;4;7
O000158;5;88
O000158;6;65
O000158;7;36
O000158;1;32
O000159;2;92
O000159;3;90
O000159;4;22
O000159;5;72
O000159;6;34
O000159;7;31
O000159;1;80
O000190;2;3
O000190;3;64
O000190;4;29
O000190;5;25
O000190;6;60
O000190;7;15
O000190;1;86
O000191;2;50
O000191;3;100
O000191;4;25
O000191;5;81
O000191;6;87
O000191;7;60
O000191;1;100
O000197;2;31
O000197;3;100
O000197;4;15
O000197;5;89
O000197;6;24
O000197;7;78
O000197;1;44
O000393;2;42
O000393;3;89
O000393;4;41
O000393;5;25
O000393;6;6
O000393;7;60
O000393;1;19
O000437;2;66
O000437;3;24
O000437;4;54
O000437;5;87
O000437;6;36
O000437;7;36
O000437;1;50
O000443;2;14
O000443;3;4
O000443;4;27
O000443;5;31
O000443;6;74
O000443;7;63
O000443;1;46
O000444;2;54
O000444;3;90
O000444;4;62
O000444;5;80
O000444;6;76
O000444;7;97
O000444;1;80
O000446;2;39
O000446;3;53
O000446;4;39
O000446;5;10
O000446;6;15
O000446;7;41
O000446;1;29
O000448;2;24
O000448;3;22
O000448;4;94
O000448;5;18
O000448;6;36
O000448;7;46
O000448;1;25
O000451;2;23
O000451;3;86
O000451;4;86
O000451;5;30
O000451;6;55
O000451;7;50
O000451;1;66
O000471;2;34
O000471;3;79
O000471;4;50
O000471;5;71
O000471;6;80
O000471;7;8
O000471;1;51
O000959;2;9
O000959;3;59
O000959;4;79
O000959;5;56
O000959;6;41
O000959;7;72
O000959;1;59
O000962;2;57
O000962;3;18
O000962;4;56
O000962;5;29
O000962;6;24
O000962;7;0
O000962;1;46
O000988;2;53
O000988;3;92
O000988;4;7
O000988;5;25
O000988;6;56
O000988;7;69
O000988;1;16
C888889;2;28
C888889;3;13
C888889;4;77
C888889;5;71
C888889;6;50
C888889;7;50
C888889;1;7
O001037;2;54
O001037;3;12
O001037;4;68
O001037;5;55
O001037;6;12
O001037;7;20
O001037;1;77
O001038;2;76
O001038;3;3
O001038;4;80
O001038;5;62
O001038;6;71
O001038;7;68
O001038;1;73
O001111;2;34
O001111;3;32
O001111;4;99
O001111;5;6
O001111;6;15
O001111;7;57
O001111;1;51
O001222;2;27
O001222;3;24
O001222;4;79
O001222;5;87
O001222;6;4
O001222;7;96
O001222;1;61
O001334;2;51
O001334;3;5
O001334;4;17
O001334;5;23
O001334;6;45
O001334;7;93
O001334;1;58
O001337;2;41
O001337;3;78
O001337;4;24
O001337;5;20
O001337;6;56
O001337;7;91
O001337;1;72
O001338;2;69
O001338;3;50
O001338;4;65
O001338;5;17
O001338;6;60
O001338;7;96
O001338;1;60
O001341;2;21
O001341;3;31
O001341;4;100
O001341;5;27
O001341;6;88
O001341;7;63
O001341;1;69
O001384;2;47
O001384;3;74
O001384;4;81
O001384;5;43
O001384;6;71
O001384;7;84
O001384;1;86
O001421;2;17
O001421;3;51
O001421;4;97
O001421;5;16
O001421;6;28
O001421;7;12
O001421;1;51
O001638;2;90
O001638;3;22
O001638;4;45
O001638;5;74
O001638;6;79
O001638;7;73
O001638;1;76
O001639;2;70
O001639;3;58
O001639;4;74
O001639;5;34
O001639;6;65
O001639;7;10
O001639;1;38
O001644;2;64
O001644;3;97
O001644;4;13
O001644;5;19
O001644;6;12
O001644;7;61
O001644;1;48
O001647;2;65
O001647;3;65
O001647;4;62
O001647;5;50
O001647;6;55
O001647;7;87
O001647;1;86
O001657;2;92
O001657;3;62
O001657;4;22
O001657;5;51
O001657;6;84
O001657;7;13
O001657;1;57
O001659;2;85
O001659;3;73
O001659;4;23
O001659;5;80
O001659;6;78
O001659;7;7
O001659;1;75
O001720;2;8
O001720;3;30
O001720;4;22
O001720;5;76
O001720;6;60
O001720;7;81
O001720;1;78
O001722;2;98
O001722;3;17
O001722;4;16
O001722;5;78
O001722;6;12
O001722;7;56
O001722;1;35
O001733;2;87
O001733;3;29
O001733;4;99
O001733;5;68
O001733;6;16
O001733;7;36
O001733;1;31
O001817;2;69
O001817;3;39
O001817;4;57
O001817;5;17
O001817;6;41
O001817;7;39
O001817;1;51
O001825;2;92
O001825;3;74
O001825;4;58
O001825;5;50
O001825;6;38
O001825;7;53
O001825;1;11
O001827;2;51
O001827;3;66
O001827;4;7
O001827;5;12
O001827;6;79
O001827;7;97
O001827;1;86
O001828;2;14
O001828;3;89
O001828;4;5
O001828;5;82
O001828;6;84
O001828;7;28
O001828;1;12
O001850;2;96
O001850;3;3
O001850;4;43
O001850;5;51
O001850;6;11
O001850;7;49
O001850;1;36
O001869;2;94
O001869;3;84
O001869;4;42
O001869;5;60
O001869;6;46
O001869;7;98
O001869;1;72
O001973;2;8
O001973;3;42
O001973;4;47
O001973;5;66
O001973;6;68
O001973;7;93
O001973;1;8
O001975;2;66
O001975;3;40
O001975;4;56
O001975;5;100
O001975;6;97
O001975;7;82
O001975;1;97
O001976;2;28
O001976;3;30
O001976;4;62
O001976;5;82
O001976;6;24
O001976;7;74
O001976;1;92
O001977;2;97
O001977;3;81
O001977;4;44
O001977;5;83
O001977;6;90
O001977;7;83
O001977;1;60
O001978;2;73
O001978;3;8
O001978;4;5
O001978;5;37
O001978;6;11
O001978;7;43
O001978;1;91
O001980;2;69
O001980;3;68
O001980;4;72
O001980;5;92
O001980;6;64
O001980;7;19
O001980;1;29
O002003;2;58
O002003;3;30
O002003;4;83
O002003;5;90
O002003;6;39
O002003;7;76
O002003;1;67
O002008;2;41
O002008;3;13
O002008;4;55
O002008;5;86
O002008;6;59
O002008;7;74
O002008;1;16
O002144;2;81
O002144;3;60
O002144;4;61
O002144;5;25
O002144;6;72
O002144;7;81
O002144;1;71
O002162;2;87
O002162;3;29
O002162;4;43
O002162;5;94
O002162;6;82
O002162;7;90
O002162;1;52
O002178;2;10
O002178;3;22
O002178;4;39
O002178;5;41
O002178;6;59
O002178;7;63
O002178;1;1
O002304;2;12
O002304;3;40
O002304;4;40
O002304;5;35
O002304;6;46
O002304;7;20
O002304;1;38
O002373;2;74
O002373;3;76
O002373;4;21
O002373;5;20
O002373;6;84
O002373;7;32
O002373;1;58
C888887;2;84
C888887;3;42
C888887;4;66
C888887;5;39
C888887;6;78
C888887;7;81
C888887;1;20
O002375;2;71
O002375;3;17
O002375;4;54
O002375;5;9
O002375;6;64
O002375;7;86
O002375;1;73
O002418;2;53
O002418;3;30
O002418;4;95
O002418;5;77
O002418;6;97
O002418;7;11
O002418;1;30
O002419;2;82
O002419;3;85
O002419;4;43
O002419;5;45
O002419;6;9
O002419;7;43
O002419;1;6
O002467;2;37
O002467;3;93
O002467;4;68
O002467;5;36
O002467;6;66
O002467;7;17
O002467;1;58
O002469;2;61
O002469;3;98
O002469;4;47
O002469;5;84
O002469;6;100
O002469;7;69
O002469;1;20
O002482;2;63
O002482;3;55
O002482;4;71
O002482;5;91
O002482;6;59
O002482;7;45
O002482;1;30
O002495;2;67
O002495;3;46
O002495;4;76
O002495;5;73
O002495;6;11
O002495;7;5
O002495;1;49
O002496;2;15
O002496;3;12
O002496;4;69
O002496;5;79
O002496;6;42
O002496;7;76
O002496;1;68
O002593;2;64
O002593;3;7
O002593;4;53
O002593;5;43
O002593;6;50
O002593;7;36
O002593;1;44
O002594;2;24
O002594;3;97
O002594;4;53
O002594;5;100
O002594;6;32
O002594;7;77
O002594;1;91
O002599;2;17
O002599;3;16
O002599;4;59
O002599;5;85
O002599;6;32
O002599;7;47
O002599;1;35
O002661;2;10
O002661;3;57
O002661;4;74
O002661;5;50
O002661;6;27
O002661;7;42
O002661;1;21
O002666;2;9
O002666;3;19
O002666;4;59
O002666;5;54
O002666;6;57
O002666;7;25
O002666;1;45
O002707;2;71
O002707;3;53
O002707;4;54
O002707;5;84
O002707;6;49
O002707;7;71
O002707;1;3
O002757;2;61
O002757;3;13
O002757;4;99
O002757;5;54
O002757;6;98
O002757;7;5
O002757;1;57
O002934;2;71
O002934;3;24
O002934;4;40
O002934;5;94
O002934;6;9
O002934;7;29
O002934;1;56
O002998;2;13
O002998;3;52
O002998;4;7
O002998;5;96
O002998;6;89
O002998;7;83
O002998;1;69
O003002;2;98
O003002;3;98
O003002;4;10
O003002;5;70
O003002;6;6
O003002;7;34
O003002;1;53
O003083;2;54
O003083;3;60
O003083;4;59
O003083;5;20
O003083;6;64
O003083;7;21
O003083;1;79
O003129;2;34
O003129;3;17
O003129;4;97
O003129;5;93
O003129;6;51
O003129;7;55
O003129;1;14
O003229;2;46
O003229;3;71
O003229;4;55
O003229;5;29
O003229;6;79
O003229;7;3
O003229;1;93
O003230;2;76
O003230;3;51
O003230;4;44
O003230;5;43
O003230;6;81
O003230;7;11
O003230;1;70
O003231;2;33
O003231;3;40
O003231;4;6
O003231;5;57
O003231;6;62
O003231;7;40
O003231;1;88
O003232;2;80
O003232;3;22
O003232;4;92
O003232;5;22
O003232;6;52
O003232;7;60
O003232;1;30
O003245;2;8
O003245;3;6
O003245;4;80
O003245;5;2
O003245;6;97
O003245;7;52
O003245;1;8
O003306;2;53
O003306;3;93
O003306;4;7
O003306;5;70
O003306;6;85
O003306;7;51
O003306;1;84
O003310;2;74
O003310;3;40
O003310;4;55
O003310;5;37
O003310;6;20
O003310;7;6
O003310;1;53
O003311;2;11
O003311;3;31
O003311;4;54
O003311;5;60
O003311;6;71
O003311;7;61
O003311;1;31
O003400;2;62
O003400;3;28
O003400;4;76
O003400;5;43
O003400;6;28
O003400;7;63
O003400;1;3
O003458;2;23
O003458;3;64
O003458;4;38
O003458;5;68
O003458;6;90
O003458;7;37
O003458;1;19
O003461;2;19
O003461;3;25
O003461;4;81
O003461;5;28
O003461;6;77
O003461;7;38
O003461;1;97
O003561;2;72
O003561;3;30
O003561;4;33
O003561;5;98
O003561;6;9
O003561;7;34
O003561;1;50
O003809;2;56
O003809;3;91
O003809;4;5
O003809;5;64
O003809;6;9
O003809;7;65
O003809;1;38
O004043;2;69
O004043;3;77
O004043;4;35
O004043;5;19
O004043;6;39
O004043;7;4
O004043;1;92
O004277;2;73
O004277;3;91
O004277;4;26
O004277;5;44
O004277;6;84
O004277;7;12
O004277;1;66
O004417;2;97
O004417;3;13
O004417;4;70
O004417;5;33
O004417;6;47
O004417;7;39
O004417;1;59
O004597;2;68
O004597;3;43
O004597;4;82
O004597;5;82
O004597;6;14
O004597;7;49
O004597;1;70
O004604;2;68
O004604;3;53
O004604;4;72
O004604;5;29
O004604;6;16
O004604;7;44
O004604;1;74
O004611;2;16
O004611;3;94
O004611;4;50
O004611;5;99
O004611;6;80
O004611;7;44
O004611;1;35
O004612;2;55
O004612;3;97
O004612;4;63
O004612;5;61
O004612;6;36
O004612;7;98
O004612;1;48
O004613;2;73
O004613;3;5
O004613;4;29
O004613;5;48
O004613;6;33
O004613;7;97
O004613;1;15
O004614;2;90
O004614;3;95
O004614;4;25
O004614;5;73
O004614;6;18
O004614;7;37
O004614;1;92
O004617;2;53
O004617;3;64
O004617;4;31
O004617;5;48
O004617;6;39
O004617;7;65
O004617;1;3
O004836;2;33
O004836;3;52
O004836;4;14
O004836;5;57
O004836;6;84
O004836;7;33
O004836;1;19
O004843;2;45
O004843;3;22
O004843;4;69
O004843;5;81
O004843;6;56
O004843;7;85
O004843;1;52
O004968;2;19
O004968;3;68
O004968;4;27
O004968;5;15
O004968;6;23
O004968;7;0
O004968;1;27
O005000;2;79
O005000;3;89
O005000;4;86
O005000;5;70
O005000;6;54
O005000;7;100
O005000;1;4
O005003;2;88
O005003;3;79
O005003;4;25
O005003;5;26
O005003;6;42
O005003;7;53
O005003;1;10
P002414;2;48
P002414;3;50
P002414;4;11
P002414;5;0
P002414;6;63
P002414;7;18
P002414;1;100
P009920;2;6
P009920;3;12
P009920;4;24
P009920;5;61
P009920;6;46
P009920;7;2
P009920;1;65
P123456;2;48
P123456;3;57
P123456;4;15
P123456;5;26
P123456;6;95
P123456;7;13
P123456;1;21
T000159;2;52
T000159;3;88
T000159;4;52
T000159;5;91
T000159;6;29
T000159;7;98
T000159;1;95
T000166;2;32
T000166;3;67
T000166;4;88
T000166;5;66
T000166;6;84
T000166;7;59
T000166;1;25
T000210;2;53
T000210;3;82
T000210;4;72
T000210;5;30
T000210;6;31
T000210;7;12
T000210;1;73
T000274;2;81
T000274;3;52
T000274;4;64
T000274;5;98
T000274;6;53
T000274;7;21
T000274;1;72
T000288;2;16
T000288;3;52
T000288;4;35
T000288;5;34
T000288;6;15
T000288;7;23
T000288;1;16
T000361;2;8
T000361;3;50
T000361;4;80
T000361;5;62
T000361;6;98
T000361;7;58
T000361;1;42
T000410;2;1
T000410;3;30
T000410;4;60
T000410;5;44
T000410;6;4
T000410;7;13
T000410;1;80
T000595;2;18
T000595;3;91
T000595;4;46
T000595;5;47
T000595;6;23
T000595;7;94
T000595;1;94
T000603;2;8
T000603;3;16
T000603;4;99
T000603;5;63
T000603;6;73
T000603;7;0
T000603;1;1
T000607;2;88
T000607;3;34
T000607;4;48
T000607;5;3
T000607;6;14
T000607;7;55
T000607;1;17
T001314;2;2
T001314;3;50
T001314;4;63
T001314;5;28
T001314;6;72
T001314;7;18
T001314;1;16
T001323;2;9
T001323;3;33
T001323;4;13
T001323;5;11
T001323;6;62
T001323;7;15
T001323;1;4
T001731;2;74
T001731;3;65
T001731;4;62
T001731;5;86
T001731;6;0
T001731;7;11
T001731;1;25
T001732;2;72
T001732;3;49
T001732;4;71
T001732;5;81
T001732;6;8
T001732;7;66
T001732;1;62
T001858;2;4
T001858;3;42
T001858;4;23
T001858;5;77
T001858;6;70
T001858;7;96
T001858;1;21
T001903;2;10
T001903;3;11
T001903;4;64
T001903;5;82
T001903;6;2
T001903;7;0
T001903;1;17
T001910;2;66
T001910;3;48
T001910;4;70
T001910;5;21
T001910;6;44
T001910;7;19
T001910;1;95
T001912;2;48
T001912;3;41
T001912;4;89
T001912;5;7
T001912;6;73
T001912;7;96
T001912;1;13
T002003;2;4
T002003;3;27
T002003;4;26
T002003;5;81
T002003;6;83
T002003;7;10
T002003;1;93
T002010;2;43
T002010;3;43
T002010;4;83
T002010;5;85
T002010;6;30
T002010;7;69
T002010;1;56
T002011;2;96
T002011;3;78
T002011;4;7
T002011;5;66
T002011;6;32
T002011;7;60
T002011;1;23
T002204;2;38
T002204;3;30
T002204;4;48
T002204;5;79
T002204;6;11
T002204;7;13
T002204;1;97
T002223;2;46
T002223;3;68
T002223;4;20
T002223;5;23
T002223;6;50
T002223;7;37
T002223;1;57
T002449;2;99
T002449;3;42
T002449;4;8
T002449;5;50
T002449;6;2
T002449;7;7
T002449;1;94
T002660;2;47
T002660;3;54
T002660;4;69
T002660;5;14
T002660;6;69
T002660;7;15
T002660;1;31
T002696;2;43
T002696;3;80
T002696;4;65
T002696;5;87
T002696;6;47
T002696;7;25
T002696;1;8
T002734;2;65
T002734;3;20
T002734;4;34
T002734;5;74
T002734;6;42
T002734;7;45
T002734;1;7
T002735;2;14
T002735;3;8
T002735;4;5
T002735;5;23
T002735;6;44
T002735;7;74
T002735;1;34
T002794;2;49
T002794;3;34
T002794;4;22
T002794;5;20
T002794;6;85
T002794;7;63
T002794;1;20
T002801;2;13
T002801;3;76
T002801;4;46
T002801;5;85
T002801;6;96
T002801;7;78
T002801;1;20
T002802;2;32
T002802;3;90
T002802;4;28
T002802;5;67
T002802;6;15
T002802;7;90
T002802;1;20
T002859;2;40
T002859;3;98
T002859;4;18
T002859;5;37
T002859;6;84
T002859;7;42
T002859;1;71
T003286;2;10
T003286;3;75
T003286;4;16
T003286;5;66
T003286;6;26
T003286;7;80
T003286;1;57
T003366;2;17
T003366;3;12
T003366;4;76
T003366;5;10
T003366;6;95
T003366;7;18
T003366;1;58
T123456;2;53
T123456;3;42
T123456;4;82
T123456;5;50
T123456;6;56
T123456;7;2
T123456;1;11
T003439;2;31
T003439;3;43
T003439;4;14
T003439;5;50
T003439;6;94
T003439;7;1
T003439;1;35
T003442;2;3
T003442;3;72
T003442;4;59
T003442;5;56
T003442;6;94
T003442;7;37
T003442;1;50
T003443;2;97
T003443;3;93
T003443;4;77
T003443;5;75
T003443;6;6
T003443;7;53
T003443;1;17
T003497;2;34
T003497;3;86
T003497;4;39
T003497;5;63
T003497;6;77
T003497;7;1
T003497;1;3
T003696;2;55
T003696;3;1
T003696;4;81
T003696;5;41
T003696;6;4
T003696;7;71
T003696;1;53
T003697;2;55
T003697;3;99
T003697;4;72
T003697;5;80
T003697;6;56
T003697;7;76
T003697;1;55
T003701;2;41
T003701;3;18
T003701;4;62
T003701;5;57
T003701;6;37
T003701;7;6
T003701;1;70
T003707;2;31
T003707;3;89
T003707;4;76
T003707;5;56
T003707;6;45
T003707;7;24
T003707;1;82
T003920;2;24
T003920;3;43
T003920;4;71
T003920;5;99
T003920;6;45
T003920;7;63
T003920;1;16
T003924;2;20
T003924;3;61
T003924;4;95
T003924;5;62
T003924;6;30
T003924;7;56
T003924;1;3
T004057;2;62
T004057;3;50
T004057;4;39
T004057;5;21
T004057;6;50
T004057;7;16
T004057;1;78
T004062;2;27
T004062;3;83
T004062;4;96
T004062;5;96
T004062;6;92
T004062;7;9
T004062;1;34
T004259;2;72
T004259;3;84
T004259;4;5
T004259;5;4
T004259;6;61
T004259;7;5
T004259;1;14
T004295;2;27
T004295;3;55
T004295;4;49
T004295;5;97
T004295;6;67
T004295;7;19
T004295;1;95
T004335;2;41
T004335;3;10
T004335;4;18
T004335;5;89
T004335;6;71
T004335;7;14
T004335;1;72
T004336;2;96
T004336;3;90
T004336;4;74
T004336;5;7
T004336;6;26
T004336;7;32
T004336;1;5
T004374;2;24
T004374;3;58
T004374;4;19
T004374;5;42
T004374;6;38
T004374;7;10
T004374;1;86
T004480;2;10
T004480;3;15
T004480;4;42
T004480;5;33
T004480;6;97
T004480;7;48
T004480;1;12
T004481;2;97
T004481;3;26
T004481;4;90
T004481;5;99
T004481;6;46
T004481;7;69
T004481;1;20
T004566;2;93
T004566;3;49
T004566;4;7
T004566;5;92
T004566;6;49
T004566;7;6
T004566;1;41
T004574;2;93
T004574;3;48
T004574;4;90
T004574;5;93
T004574;6;33
T004574;7;13
T004574;1;66
T004575;2;26
T004575;3;33
T004575;4;43
T004575;5;94
T004575;6;45
T004575;7;72
T004575;1;79
T004577;2;24
T004577;3;62
T004577;4;83
T004577;5;47
T004577;6;96
T004577;7;79
T004577;1;39
T004584;2;2
T004584;3;36
T004584;4;92
T004584;5;86
T004584;6;99
T004584;7;1
T004584;1;94
T004725;2;20
T004725;3;55
T004725;4;59
T004725;5;37
T004725;6;9
T004725;7;38
T004725;1;0
T004934;2;51
T004934;3;0
T004934;4;4
T004934;5;39
T004934;6;10
T004934;7;23
T004934;1;50
T004935;2;9
T004935;3;77
T004935;4;58
T004935;5;84
T004935;6;6
T004935;7;47
T004935;1;24
T005122;2;32
T005122;3;85
T005122;4;53
T005122;5;31
T005122;6;44
T005122;7;74
T005122;1;10
T005152;2;57
T005152;3;13
T005152;4;57
T005152;5;65
T005152;6;35
T005152;7;73
T005152;1;1
T005244;2;97
T005244;3;53
T005244;4;50
T005244;5;13
T005244;6;61
T005244;7;21
T005244;1;95
T005391;2;66
T005391;3;63
T005391;4;76
T005391;5;0
T005391;6;64
T005391;7;38
T005391;1;34
T005393;2;63
T005393;3;47
T005393;4;20
T005393;5;99
T005393;6;1
T005393;7;18
T005393;1;57
T005394;2;36
T005394;3;68
T005394;4;83
T005394;5;60
T005394;6;61
T005394;7;78
T005394;1;71
T005395;2;79
T005395;3;20
T005395;4;9
T005395;5;37
T005395;6;62
T005395;7;0
T005395;1;92
T005396;2;24
T005396;3;46
T005396;4;21
T005396;5;60
T005396;6;48
T005396;7;39
T005396;1;29
T005668;2;96
T005668;3;33
T005668;4;97
T005668;5;25
T005668;6;51
T005668;7;5
T005668;1;57
T005725;2;30
T005725;3;12
T005725;4;75
T005725;5;74
T005725;6;0
T005725;7;94
T005725;1;91
T005749;2;69
T005749;3;24
T005749;4;61
T005749;5;50
T005749;6;64
T005749;7;65
T005749;1;69
T005765;2;53
T005765;3;38
T005765;4;80
T005765;5;20
T005765;6;35
T005765;7;62
T005765;1;1
T005766;2;54
T005766;3;7
T005766;4;46
T005766;5;51
T005766;6;11
T005766;7;49
T005766;1;32
T005769;2;37
T005769;3;95
T005769;4;63
T005769;5;75
T005769;6;30
T005769;7;42
T005769;1;50
T005929;2;47
T005929;3;39
T005929;4;21
T005929;5;66
T005929;6;99
T005929;7;44
T005929;1;42
T005931;2;94
T005931;3;41
T005931;4;80
T005931;5;28
T005931;6;59
T005931;7;54
T005931;1;69
T006279;2;10
T006279;3;31
T006279;4;59
T006279;5;99
T006279;6;77
T006279;7;13
T006279;1;5
T006280;2;62
T006280;3;91
T006280;4;72
T006280;5;10
T006280;6;67
T006280;7;32
T006280;1;57
T006284;2;94
T006284;3;62
T006284;4;93
T006284;5;2
T006284;6;28
T006284;7;62
T006284;1;31
T006637;2;72
T006637;3;84
T006637;4;27
T006637;5;17
T006637;6;92
T006637;7;16
T006637;1;5
T006642;2;71
T006642;3;4
T006642;4;2
T006642;5;72
T006642;6;72
T006642;7;60
T006642;1;30
T006644;2;45
T006644;3;32
T006644;4;56
T006644;5;24
T006644;6;2
T006644;7;22
T006644;1;66
T006699;2;90
T006699;3;87
T006699;4;100
T006699;5;79
T006699;6;11
T006699;7;19
T006699;1;87
T006700;2;8
T006700;3;29
T006700;4;90
T006700;5;53
T006700;6;20
T006700;7;24
T006700;1;26
T007048;2;50
T007048;3;5
T007048;4;72
T007048;5;44
T007048;6;21
T007048;7;22
T007048;1;15
T007049;2;10
T007049;3;26
T007049;4;47
T007049;5;95
T007049;6;89
T007049;7;17
T007049;1;48
T007157;2;14
T007157;3;91
T007157;4;54
T007157;5;1
T007157;6;97
T007157;7;93
T007157;1;68
T007470;2;29
T007470;3;75
T007470;4;68
T007470;5;53
T007470;6;47
T007470;7;96
T007470;1;99
T007488;2;99
T007488;3;43
T007488;4;24
T007488;5;83
T007488;6;11
T007488;7;92
T007488;1;16
T007493;2;93
T007493;3;70
T007493;4;89
T007493;5;58
T007493;6;40
T007493;7;71
T007493;1;58
T007566;2;53
T007566;3;96
T007566;4;59
T007566;5;100
T007566;6;11
T007566;7;44
T007566;1;88
T007567;2;26
T007567;3;26
T007567;4;67
T007567;5;61
T007567;6;80
T007567;7;10
T007567;1;50
T007576;2;93
T007576;3;69
T007576;4;0
T007576;5;49
T007576;6;22
T007576;7;60
T007576;1;68
T007579;2;62
T007579;3;40
T007579;4;53
T007579;5;59
T007579;6;78
T007579;7;7
T007579;1;10
T007581;2;63
T007581;3;47
T007581;4;14
T007581;5;10
T007581;6;19
T007581;7;15
T007581;1;61
T007646;2;65
T007646;3;7
T007646;4;50
T007646;5;13
T007646;6;8
T007646;7;44
T007646;1;20
T007650;2;92
T007650;3;38
T007650;4;68
T007650;5;41
T007650;6;20
T007650;7;46
T007650;1;8
T007662;2;40
T007662;3;69
T007662;4;57
T007662;5;16
T007662;6;91
T007662;7;15
T007662;1;40
T007663;2;97
T007663;3;100
T007663;4;95
T007663;5;100
T007663;6;62
T007663;7;52
T007663;1;70
T007666;2;27
T007666;3;20
T007666;4;48
T007666;5;30
T007666;6;47
T007666;7;46
T007666;1;13
T007669;2;37
T007669;3;40
T007669;4;65
T007669;5;3
T007669;6;21
T007669;7;61
T007669;1;76
T007886;2;17
T007886;3;84
T007886;4;71
T007886;5;64
T007886;6;65
T007886;7;80
T007886;1;77
T008150;2;58
T008150;3;62
T008150;4;15
T008150;5;99
T008150;6;50
T008150;7;51
T008150;1;23
T008176;2;20
T008176;3;32
T008176;4;100
T008176;5;27
T008176;6;34
T008176;7;38
T008176;1;70
T008182;2;25
T008182;3;2
T008182;4;61
T008182;5;35
T008182;6;2
T008182;7;39
T008182;1;10
T008459;2;85
T008459;3;27
T008459;4;13
T008459;5;97
T008459;6;92
T008459;7;5
T008459;1;92
T008491;2;70
T008491;3;12
T008491;4;62
T008491;5;48
T008491;6;36
T008491;7;83
T008491;1;76
T008565;2;56
T008565;3;93
T008565;4;97
T008565;5;29
T008565;6;88
T008565;7;73
T008565;1;64
T008622;2;25
T008622;3;16
T008622;4;55
T008622;5;64
T008622;6;75
T008622;7;73
T008622;1;92
T009376;2;16
T009376;3;10
T009376;4;36
T009376;5;80
T009376;6;4
T009376;7;24
T009376;1;85
T009381;2;11
T009381;3;41
T009381;4;32
T009381;5;88
T009381;6;55
T009381;7;29
T009381;1;31
T009396;2;64
T009396;3;52
T009396;4;81
T009396;5;21
T009396;6;54
T009396;7;18
T009396;1;21
T009653;2;45
T009653;3;81
T009653;4;62
T009653;5;69
T009653;6;91
T009653;7;10
T009653;1;51
T009692;2;16
T009692;3;65
T009692;4;49
T009692;5;97
T009692;6;36
T009692;7;33
T009692;1;37
T009914;2;3
T009914;3;91
T009914;4;55
T009914;5;41
T009914;6;96
T009914;7;73
T009914;1;53
T009935;2;65
T009935;3;80
T009935;4;95
T009935;5;63
T009935;6;24
T009935;7;21
T009935;1;44
T009939;2;75
T009939;3;21
T009939;4;68
T009939;5;4
T009939;6;68
T009939;7;41
T009939;1;31
T010288;2;26
T010288;3;27
T010288;4;100
T010288;5;52
T010288;6;78
T010288;7;13
T010288;1;67
T010289;2;59
T010289;3;96
T010289;4;60
T010289;5;8
T010289;6;70
T010289;7;2
T010289;1;71
T010294;2;37
T010294;3;57
T010294;4;77
T010294;5;89
T010294;6;81
T010294;7;47
T010294;1;82
T010295;2;70
T010295;3;12
T010295;4;72
T010295;5;17
T010295;6;54
T010295;7;84
T010295;1;43
T011110;2;22
T011110;3;76
T011110;4;14
T011110;5;59
T011110;6;58
T011110;7;46
T011110;1;91
T011273;2;73
T011273;3;3
T011273;4;37
T011273;5;8
T011273;6;17
T011273;7;32
T011273;1;63
T011483;2;8
T011483;3;5
T011483;4;5
T011483;5;77
T011483;6;92
T011483;7;41
T011483;1;99
T011667;2;87
T011667;3;63
T011667;4;29
T011667;5;11
T011667;6;48
T011667;7;89
T011667;1;41
T011800;2;44
T011800;3;84
T011800;4;96
T011800;5;0
T011800;6;73
T011800;7;70
T011800;1;23
T011807;2;16
T011807;3;28
T011807;4;34
T011807;5;47
T011807;6;56
T011807;7;9
T011807;1;67
T011814;2;48
T011814;3;49
T011814;4;93
T011814;5;12
T011814;6;48
T011814;7;19
T011814;1;65
T012212;2;70
T012212;3;74
T012212;4;84
T012212;5;60
T012212;6;75
T012212;7;9
T012212;1;11
XEA0692;2;13
XEA0692;3;42
XEA0692;4;51
XEA0692;5;12
XEA0692;6;22
XEA0692;7;4
XEA0692;1;20
XP60574;2;24
XP60574;3;46
XP60574;4;30
XP60574;5;20
XP60574;6;36
XP60574;7;23
XP60574;1;0
XP66159;2;82
XP66159;3;37
XP66159;4;42
XP66159;5;81
XP66159;6;12
XP66159;7;45
XP66159;1;62
